"Label (Grouping)","United States!!Total!!Estimate","United States!!Below poverty level!!Estimate","United States!!Percent below poverty level!!Estimate","Alabama!!Total!!Estimate","Alabama!!Below poverty level!!Estimate","Alabama!!Percent below poverty level!!Estimate","Alaska!!Total!!Estimate","Alaska!!Below poverty level!!Estimate","Alaska!!Percent below poverty level!!Estimate","Arizona!!Total!!Estimate","Arizona!!Below poverty level!!Estimate","Arizona!!Percent below poverty level!!Estimate","Arkansas!!Total!!Estimate","Arkansas!!Below poverty level!!Estimate","Arkansas!!Percent below poverty level!!Estimate","California!!Total!!Estimate","California!!Below poverty level!!Estimate","California!!Percent below poverty level!!Estimate","Colorado!!Total!!Estimate","Colorado!!Below poverty level!!Estimate","Colorado!!Percent below poverty level!!Estimate","Connecticut!!Total!!Estimate","Connecticut!!Below poverty level!!Estimate","Connecticut!!Percent below poverty level!!Estimate","Delaware!!Total!!Estimate","Delaware!!Below poverty level!!Estimate","Delaware!!Percent below poverty level!!Estimate","District of Columbia!!Total!!Estimate","District of Columbia!!Below poverty level!!Estimate","District of Columbia!!Percent below poverty level!!Estimate","Florida!!Total!!Estimate","Florida!!Below poverty level!!Estimate","Florida!!Percent below poverty level!!Estimate","Georgia!!Total!!Estimate","Georgia!!Below poverty level!!Estimate","Georgia!!Percent below poverty level!!Estimate","Hawaii!!Total!!Estimate","Hawaii!!Below poverty level!!Estimate","Hawaii!!Percent below poverty level!!Estimate","Idaho!!Total!!Estimate","Idaho!!Below poverty level!!Estimate","Idaho!!Percent below poverty level!!Estimate","Illinois!!Total!!Estimate","Illinois!!Below poverty level!!Estimate","Illinois!!Percent below poverty level!!Estimate","Indiana!!Total!!Estimate","Indiana!!Below poverty level!!Estimate","Indiana!!Percent below poverty level!!Estimate","Iowa!!Total!!Estimate","Iowa!!Below poverty level!!Estimate","Iowa!!Percent below poverty level!!Estimate","Kansas!!Total!!Estimate","Kansas!!Below poverty level!!Estimate","Kansas!!Percent below poverty level!!Estimate","Kentucky!!Total!!Estimate","Kentucky!!Below poverty level!!Estimate","Kentucky!!Percent below poverty level!!Estimate","Louisiana!!Total!!Estimate","Louisiana!!Below poverty level!!Estimate","Louisiana!!Percent below poverty level!!Estimate","Maine!!Total!!Estimate","Maine!!Below poverty level!!Estimate","Maine!!Percent below poverty level!!Estimate","Maryland!!Total!!Estimate","Maryland!!Below poverty level!!Estimate","Maryland!!Percent below poverty level!!Estimate","Massachusetts!!Total!!Estimate","Massachusetts!!Below poverty level!!Estimate","Massachusetts!!Percent below poverty level!!Estimate","Michigan!!Total!!Estimate","Michigan!!Below poverty level!!Estimate","Michigan!!Percent below poverty level!!Estimate","Minnesota!!Total!!Estimate","Minnesota!!Below poverty level!!Estimate","Minnesota!!Percent below poverty level!!Estimate","Mississippi!!Total!!Estimate","Mississippi!!Below poverty level!!Estimate","Mississippi!!Percent below poverty level!!Estimate","Missouri!!Total!!Estimate","Missouri!!Below poverty level!!Estimate","Missouri!!Percent below poverty level!!Estimate","Montana!!Total!!Estimate","Montana!!Below poverty level!!Estimate","Montana!!Percent below poverty level!!Estimate","Nebraska!!Total!!Estimate","Nebraska!!Below poverty level!!Estimate","Nebraska!!Percent below poverty level!!Estimate","Nevada!!Total!!Estimate","Nevada!!Below poverty level!!Estimate","Nevada!!Percent below poverty level!!Estimate","New Hampshire!!Total!!Estimate","New Hampshire!!Below poverty level!!Estimate","New Hampshire!!Percent below poverty level!!Estimate","New Jersey!!Total!!Estimate","New Jersey!!Below poverty level!!Estimate","New Jersey!!Percent below poverty level!!Estimate","New Mexico!!Total!!Estimate","New Mexico!!Below poverty level!!Estimate","New Mexico!!Percent below poverty level!!Estimate","New York!!Total!!Estimate","New York!!Below poverty level!!Estimate","New York!!Percent below poverty level!!Estimate","North Carolina!!Total!!Estimate","North Carolina!!Below poverty level!!Estimate","North Carolina!!Percent below poverty level!!Estimate","North Dakota!!Total!!Estimate","North Dakota!!Below poverty level!!Estimate","North Dakota!!Percent below poverty level!!Estimate","Ohio!!Total!!Estimate","Ohio!!Below poverty level!!Estimate","Ohio!!Percent below poverty level!!Estimate","Oklahoma!!Total!!Estimate","Oklahoma!!Below poverty level!!Estimate","Oklahoma!!Percent below poverty level!!Estimate","Oregon!!Total!!Estimate","Oregon!!Below poverty level!!Estimate","Oregon!!Percent below poverty level!!Estimate","Pennsylvania!!Total!!Estimate","Pennsylvania!!Below poverty level!!Estimate","Pennsylvania!!Percent below poverty level!!Estimate","Rhode Island!!Total!!Estimate","Rhode Island!!Below poverty level!!Estimate","Rhode Island!!Percent below poverty level!!Estimate","South Carolina!!Total!!Estimate","South Carolina!!Below poverty level!!Estimate","South Carolina!!Percent below poverty level!!Estimate","South Dakota!!Total!!Estimate","South Dakota!!Below poverty level!!Estimate","South Dakota!!Percent below poverty level!!Estimate","Tennessee!!Total!!Estimate","Tennessee!!Below poverty level!!Estimate","Tennessee!!Percent below poverty level!!Estimate","Texas!!Total!!Estimate","Texas!!Below poverty level!!Estimate","Texas!!Percent below poverty level!!Estimate","Utah!!Total!!Estimate","Utah!!Below poverty level!!Estimate","Utah!!Percent below poverty level!!Estimate","Vermont!!Total!!Estimate","Vermont!!Below poverty level!!Estimate","Vermont!!Percent below poverty level!!Estimate","Virginia!!Total!!Estimate","Virginia!!Below poverty level!!Estimate","Virginia!!Percent below poverty level!!Estimate","Washington!!Total!!Estimate","Washington!!Below poverty level!!Estimate","Washington!!Percent below poverty level!!Estimate","West Virginia!!Total!!Estimate","West Virginia!!Below poverty level!!Estimate","West Virginia!!Percent below poverty level!!Estimate","Wisconsin!!Total!!Estimate","Wisconsin!!Below poverty level!!Estimate","Wisconsin!!Percent below poverty level!!Estimate","Wyoming!!Total!!Estimate","Wyoming!!Below poverty level!!Estimate","Wyoming!!Percent below poverty level!!Estimate","Puerto Rico!!Total!!Estimate","Puerto Rico!!Below poverty level!!Estimate","Puerto Rico!!Percent below poverty level!!Estimate"
"Population for whom poverty status is determined","325,521,470","40,951,625","12.6%","4,929,195","800,395","16.2%","715,594","78,608","11.0%","7,210,801","897,852","12.5%","2,958,098","496,311","16.8%","38,307,718","4,670,324","12.2%","5,727,379","540,517","9.4%","3,514,107","345,695","9.8%","995,107","93,285","9.4%","642,853","85,676","13.3%","21,764,366","2,762,679","12.7%","10,655,140","1,348,344","12.7%","1,402,729","142,378","10.2%","1,889,431","202,517","10.7%","12,306,019","1,469,643","11.9%","6,645,013","834,550","12.6%","3,103,543","339,867","11.0%","2,852,901","342,670","12.0%","4,389,492","722,865","16.5%","4,467,616","829,565","18.6%","1,347,498","145,161","10.8%","6,042,925","581,748","9.6%","6,763,338","700,156","10.4%","9,828,430","1,315,899","13.4%","5,599,770","540,079","9.6%","2,841,445","544,104","19.1%","6,005,542","791,030","13.2%","1,098,173","133,233","12.1%","1,920,017","215,838","11.2%","3,139,138","390,848","12.5%","1,359,894","98,057","7.2%","9,103,154","882,045","9.7%","2,072,033","364,725","17.6%","19,185,089","2,734,819","14.3%","10,417,219","1,329,157","12.8%","751,246","86,192","11.5%","11,468,520","1,540,922","13.4%","3,897,556","610,254","15.7%","4,161,550","503,935","12.1%","12,553,587","1,483,365","11.8%","1,052,644","113,878","10.8%","5,140,248","717,348","14.0%","879,804","109,889","12.5%","6,897,298","915,683","13.3%","29,416,679","4,113,641","14.0%","3,329,192","273,052","8.2%","624,770","65,162","10.4%","8,442,437","891,390","10.6%","7,651,971","763,469","10.0%","1,721,567","308,825","17.9%","5,763,986","617,037","10.7%","567,648","66,943","11.8%","3,195,054","1,333,111","41.7%"
"    AGE","","","","","","","","","","","","","","","","","","","","","","","","","","","","","","","","","","","","","","","","","","","","","","","","","","","","","","","","","","","","","","","","","","","","","","","","","","","","","","","","","","","","","","","","","","","","","","","","","","","","","","","","","","","","","","","","","","","","","","","","","","","","","","","","","","","","","","","","","","","","","","","","","","","","","","","","","","","","","","",""
"        Under 18 years","71,241,523","11,582,950","16.3%","1,092,602","240,009","22.0%","171,926","23,913","13.9%","1,564,139","246,869","15.8%","683,125","150,695","22.1%","8,357,454","1,278,372","15.3%","1,199,629","133,463","11.1%","720,822","89,976","12.5%","205,476","26,487","12.9%","123,271","20,682","16.8%","4,216,922","722,996","17.1%","2,474,049","411,089","16.6%","289,643","36,568","12.6%","458,785","60,862","13.3%","2,677,993","424,983","15.9%","1,543,689","242,641","15.7%","708,063","86,464","12.2%","680,103","93,730","13.8%","987,432","206,551","20.9%","1,048,439","257,479","24.6%","239,183","27,867","11.7%","1,331,224","154,512","11.6%","1,316,151","151,751","11.5%","2,075,647","377,915","18.2%","1,269,593","138,652","10.9%","664,554","175,179","26.4%","1,332,787","225,182","16.9%","230,411","30,937","13.4%","466,450","64,271","13.8%","679,102","109,410","16.1%","247,382","16,987","6.9%","1,969,892","253,875","12.9%","447,383","105,030","23.5%","3,904,005","735,742","18.8%","2,262,741","388,142","17.2%","177,917","22,552","12.7%","2,520,002","446,159","17.7%","936,554","184,904","19.7%","815,660","112,447","13.8%","2,582,015","393,542","15.2%","200,126","23,487","11.7%","1,098,823","211,202","19.2%","214,024","32,473","15.2%","1,510,148","266,105","17.6%","7,363,950","1,411,535","19.2%","919,689","77,607","8.4%","112,373","13,062","11.6%","1,837,678","233,581","12.7%","1,615,031","184,816","11.4%","345,552","86,400","25.0%","1,224,571","155,879","12.7%","127,343","17,918","14.1%","515,527","297,133","57.6%"
"            Under 5 years","18,053,650","3,141,107","17.4%","279,228","71,573","25.6%","45,519","9,199","20.2%","386,145","68,494","17.7%","172,454","45,650","26.5%","2,078,213","320,754","15.4%","302,660","33,128","10.9%","175,834","23,943","13.6%","53,066","7,072","13.3%","38,986","5,729","14.7%","1,078,953","210,146","19.5%","613,218","110,286","18.0%","76,249","9,405","12.3%","109,841","15,600","14.2%","662,801","111,480","16.8%","391,457","71,339","18.2%","178,664","24,655","13.8%","174,200","26,764","15.4%","255,405","58,904","23.1%","267,544","67,924","25.4%","59,786","6,750","11.3%","345,149","39,601","11.5%","336,956","36,145","10.7%","529,952","105,043","19.8%","323,040","37,251","11.5%","166,336","42,197","25.4%","341,040","64,640","19.0%","56,734","7,363","13.0%","118,664","17,323","14.6%","170,350","29,294","17.2%","61,587","5,192","8.4%","506,955","68,408","13.5%","103,127","23,304","22.6%","1,032,224","191,446","18.5%","577,230","105,845","18.3%","46,836","5,553","11.9%","651,818","123,512","18.9%","234,454","50,620","21.6%","194,630","29,443","15.1%","656,963","106,428","16.2%","51,179","5,117","10.0%","275,616","56,398","20.5%","56,692","10,086","17.8%","395,298","78,962","20.0%","1,858,916","389,244","20.9%","224,357","23,266","10.4%","27,634","4,312","15.6%","475,521","68,691","14.4%","413,211","44,774","10.8%","85,472","25,753","30.1%","305,694","42,078","13.8%","29,792","5,023","16.9%","99,058","61,779","62.4%"
"            5 to 17 years","53,187,873","8,441,843","15.9%","813,374","168,436","20.7%","126,407","14,714","11.6%","1,177,994","178,375","15.1%","510,671","105,045","20.6%","6,279,241","957,618","15.3%","896,969","100,335","11.2%","544,988","66,033","12.1%","152,410","19,415","12.7%","84,285","14,953","17.7%","3,137,969","512,850","16.3%","1,860,831","300,803","16.2%","213,394","27,163","12.7%","348,944","45,262","13.0%","2,015,192","313,503","15.6%","1,152,232","171,302","14.9%","529,399","61,809","11.7%","505,903","66,966","13.2%","732,027","147,647","20.2%","780,895","189,555","24.3%","179,397","21,117","11.8%","986,075","114,911","11.7%","979,195","115,606","11.8%","1,545,695","272,872","17.7%","946,553","101,401","10.7%","498,218","132,982","26.7%","991,747","160,542","16.2%","173,677","23,574","13.6%","347,786","46,948","13.5%","508,752","80,116","15.7%","185,795","11,795","6.3%","1,462,937","185,467","12.7%","344,256","81,726","23.7%","2,871,781","544,296","19.0%","1,685,511","282,297","16.7%","131,081","16,999","13.0%","1,868,184","322,647","17.3%","702,100","134,284","19.1%","621,030","83,004","13.4%","1,925,052","287,114","14.9%","148,947","18,370","12.3%","823,207","154,804","18.8%","157,332","22,387","14.2%","1,114,850","187,143","16.8%","5,505,034","1,022,291","18.6%","695,332","54,341","7.8%","84,739","8,750","10.3%","1,362,157","164,890","12.1%","1,201,820","140,042","11.7%","260,080","60,647","23.3%","918,877","113,801","12.4%","97,551","12,895","13.2%","416,469","235,354","56.5%"
"            Related children of householder under 18 years","70,950,290","11,317,832","16.0%","1,088,476","236,766","21.8%","171,093","23,098","13.5%","1,557,760","240,688","15.5%","679,819","147,395","21.7%","8,324,700","1,248,147","15.0%","1,195,338","129,632","10.8%","717,578","86,776","12.1%","204,999","26,203","12.8%","123,271","20,682","16.8%","4,197,463","705,071","16.8%","2,464,664","402,676","16.3%","288,995","36,006","12.5%","456,618","58,695","12.9%","2,667,445","414,933","15.6%","1,536,870","235,991","15.4%","705,066","83,711","11.9%","676,831","90,908","13.4%","982,320","202,069","20.6%","1,045,690","255,159","24.4%","237,587","26,315","11.1%","1,326,724","150,097","11.3%","1,312,609","148,322","11.3%","2,064,482","367,918","17.8%","1,263,704","133,237","10.5%","663,080","173,892","26.2%","1,324,065","217,347","16.4%","228,238","29,150","12.8%","464,186","62,103","13.4%","676,058","106,748","15.8%","245,987","15,592","6.3%","1,964,713","248,819","12.7%","445,855","103,692","23.3%","3,885,582","719,011","18.5%","2,253,972","380,121","16.9%","177,218","21,938","12.4%","2,508,109","435,016","17.3%","932,751","181,639","19.5%","810,203","107,593","13.3%","2,572,925","385,191","15.0%","199,134","22,495","11.3%","1,094,407","207,311","18.9%","212,800","31,338","14.7%","1,503,836","260,818","17.3%","7,339,559","1,391,502","19.0%","917,105","75,167","8.2%","111,678","12,397","11.1%","1,831,568","227,807","12.4%","1,607,959","177,861","11.1%","343,547","84,659","24.6%","1,218,667","150,569","12.4%","126,986","17,561","13.8%","513,805","295,517","57.5%"
"        18 to 64 years","197,858,864","23,192,117","11.7%","2,946,695","453,983","15.4%","443,683","44,479","10.0%","4,284,464","509,799","11.9%","1,751,841","278,787","15.9%","23,895,443","2,679,892","11.2%","3,631,182","334,967","9.2%","2,148,415","199,278","9.3%","581,301","50,745","8.7%","434,283","51,423","11.8%","12,856,412","1,477,225","11.5%","6,574,066","759,649","11.6%","823,388","80,813","9.8%","1,108,991","114,039","10.3%","7,527,582","830,755","11.0%","3,984,491","484,922","12.2%","1,832,607","205,483","11.2%","1,684,553","202,897","12.0%","2,633,519","415,379","15.8%","2,660,635","459,756","17.3%","805,657","88,857","11.0%","3,694,182","326,731","8.8%","4,219,305","410,644","9.7%","5,914,670","758,595","12.8%","3,368,442","314,526","9.3%","1,680,035","295,698","17.6%","3,595,859","444,177","12.4%","647,048","74,635","11.5%","1,129,104","121,831","10.8%","1,926,041","223,561","11.6%","839,544","59,377","7.1%","5,556,760","470,029","8.5%","1,224,528","207,796","17.0%","11,807,712","1,541,232","13.1%","6,329,840","742,843","11.7%","449,540","51,429","11.4%","6,854,916","879,306","12.8%","2,318,800","353,497","15.2%","2,542,460","312,339","12.3%","7,514,721","842,119","11.2%","653,574","65,824","10.1%","3,051,330","402,549","13.2%","507,519","60,179","11.9%","4,197,902","519,031","12.4%","18,106,116","2,216,792","12.2%","2,010,778","165,739","8.2%","376,015","41,352","11.0%","5,175,840","532,805","10.3%","4,750,610","459,268","9.7%","1,009,071","178,196","17.7%","3,462,525","358,199","10.3%","334,869","38,690","11.6%","1,931,657","735,046","38.1%"
"            18 to 34 years","72,582,859","10,430,102","14.4%","1,068,888","206,363","19.3%","174,046","19,819","11.4%","1,670,901","235,198","14.1%","639,702","118,706","18.6%","9,061,703","1,173,317","12.9%","1,399,420","163,269","11.7%","728,400","83,443","11.5%","203,626","18,128","8.9%","189,131","25,512","13.5%","4,427,096","618,209","14.0%","2,426,856","352,472","14.5%","287,604","31,068","10.8%","416,809","53,489","12.8%","2,741,807","359,855","13.1%","1,478,725","238,732","16.1%","672,948","110,931","16.5%","637,786","108,311","17.0%","949,165","177,688","18.7%","972,081","202,171","20.8%","257,209","34,419","13.4%","1,274,490","136,645","10.7%","1,515,212","178,514","11.8%","2,164,261","344,431","15.9%","1,203,808","148,527","12.3%","604,832","123,607","20.4%","1,310,815","203,163","15.5%","238,169","36,679","15.4%","420,453","63,105","15.0%","708,384","92,738","13.1%","282,853","23,221","8.2%","1,900,325","177,211","9.3%","461,402","91,744","19.9%","4,296,043","644,511","15.0%","2,286,014","333,911","14.6%","179,925","29,232","16.2%","2,481,603","406,385","16.4%","881,623","166,351","18.9%","926,503","134,358","14.5%","2,633,766","371,377","14.1%","235,987","28,324","12.0%","1,081,780","170,393","15.8%","183,073","30,670","16.8%","1,540,000","230,139","14.9%","7,037,534","1,087,679","15.5%","874,397","101,494","11.6%","126,833","19,485","15.4%","1,856,078","251,087","13.5%","1,782,747","201,414","11.3%","343,004","78,110","22.8%","1,229,489","177,228","14.4%","117,553","17,269","14.7%","696,669","283,415","40.7%"
"            35 to 64 years","125,276,005","12,762,015","10.2%","1,877,807","247,620","13.2%","269,637","24,660","9.1%","2,613,563","274,601","10.5%","1,112,139","160,081","14.4%","14,833,740","1,506,575","10.2%","2,231,762","171,698","7.7%","1,420,015","115,835","8.2%","377,675","32,617","8.6%","245,152","25,911","10.6%","8,429,316","859,016","10.2%","4,147,210","407,177","9.8%","535,784","49,745","9.3%","692,182","60,550","8.7%","4,785,775","470,900","9.8%","2,505,766","246,190","9.8%","1,159,659","94,552","8.2%","1,046,767","94,586","9.0%","1,684,354","237,691","14.1%","1,688,554","257,585","15.3%","548,448","54,438","9.9%","2,419,692","190,086","7.9%","2,704,093","232,130","8.6%","3,750,409","414,164","11.0%","2,164,634","165,999","7.7%","1,075,203","172,091","16.0%","2,285,044","241,014","10.5%","408,879","37,956","9.3%","708,651","58,726","8.3%","1,217,657","130,823","10.7%","556,691","36,156","6.5%","3,656,435","292,818","8.0%","763,126","116,052","15.2%","7,511,669","896,721","11.9%","4,043,826","408,932","10.1%","269,615","22,197","8.2%","4,373,313","472,921","10.8%","1,437,177","187,146","13.0%","1,615,957","177,981","11.0%","4,880,955","470,742","9.6%","417,587","37,500","9.0%","1,969,550","232,156","11.8%","324,446","29,509","9.1%","2,657,902","288,892","10.9%","11,068,582","1,129,113","10.2%","1,136,381","64,245","5.7%","249,182","21,867","8.8%","3,319,762","281,718","8.5%","2,967,863","257,854","8.7%","666,067","100,086","15.0%","2,233,036","180,971","8.1%","217,316","21,421","9.9%","1,234,988","451,631","36.6%"
"        60 years and over","77,793,941","8,675,955","11.2%","1,227,189","155,278","12.7%","143,175","15,468","10.8%","1,814,396","194,974","10.7%","719,646","97,557","13.6%","8,369,394","984,845","11.8%","1,253,601","105,978","8.5%","900,916","78,151","8.7%","285,804","24,236","8.5%","117,835","20,641","17.5%","6,196,400","745,203","12.0%","2,256,389","251,026","11.1%","380,676","34,919","9.2%","436,981","39,897","9.1%","2,900,637","301,796","10.4%","1,556,324","157,865","10.1%","775,290","70,808","9.1%","670,894","64,596","9.6%","1,072,184","147,844","13.8%","1,071,369","166,436","15.5%","412,970","40,233","9.7%","1,431,322","136,954","9.6%","1,703,656","186,219","10.9%","2,548,170","265,386","10.4%","1,352,399","121,681","9.0%","691,960","108,538","15.7%","1,500,933","173,838","11.6%","298,582","36,796","12.3%","451,624","40,598","9.0%","724,701","79,415","11.0%","385,681","29,776","7.7%","2,203,910","212,004","9.6%","534,894","73,337","13.7%","4,779,593","621,362","13.0%","2,517,308","284,210","11.3%","170,923","17,271","10.1%","2,890,630","309,252","10.7%","889,951","105,220","11.8%","1,071,215","117,024","10.9%","3,371,340","348,476","10.3%","278,429","32,714","11.7%","1,353,888","151,287","11.2%","221,594","23,513","10.6%","1,646,350","189,466","11.5%","5,589,034","682,643","12.2%","558,749","41,404","7.4%","189,356","16,335","8.6%","1,977,375","182,442","9.2%","1,764,116","170,265","9.7%","491,912","62,751","12.8%","1,498,694","144,000","9.6%","143,582","14,027","9.8%","970,209","388,172","40.0%"
"        65 years and over","56,421,083","6,176,558","10.9%","889,898","106,403","12.0%","99,985","10,216","10.2%","1,362,198","141,184","10.4%","523,132","66,829","12.8%","6,054,821","712,060","11.8%","896,568","72,087","8.0%","644,870","56,441","8.8%","208,330","16,053","7.7%","85,299","13,571","15.9%","4,691,032","562,458","12.0%","1,607,025","177,606","11.1%","289,698","24,997","8.6%","321,655","27,616","8.6%","2,100,444","213,905","10.2%","1,116,833","106,987","9.6%","562,873","47,920","8.5%","488,245","46,043","9.4%","768,541","100,935","13.1%","758,542","112,330","14.8%","302,658","28,437","9.4%","1,017,519","100,505","9.9%","1,227,882","137,761","11.2%","1,838,113","179,389","9.8%","961,735","86,901","9.0%","496,856","73,227","14.7%","1,076,896","121,671","11.3%","220,714","27,661","12.5%","324,463","29,736","9.2%","533,995","57,877","10.8%","272,968","21,693","7.9%","1,576,502","158,141","10.0%","400,122","51,899","13.0%","3,473,372","457,845","13.2%","1,824,638","198,172","10.9%","123,789","12,211","9.9%","2,093,602","215,457","10.3%","642,202","71,853","11.2%","803,430","79,149","9.9%","2,456,851","247,704","10.1%","198,944","24,567","12.3%","990,095","103,597","10.5%","158,261","17,237","10.9%","1,189,248","130,547","11.0%","3,946,613","485,314","12.3%","398,725","29,706","7.5%","136,382","10,748","7.9%","1,428,919","125,004","8.7%","1,286,330","119,385","9.3%","366,944","44,229","12.1%","1,076,890","102,959","9.6%","105,436","10,335","9.8%","747,870","300,932","40.2%"
"    SEX","","","","","","","","","","","","","","","","","","","","","","","","","","","","","","","","","","","","","","","","","","","","","","","","","","","","","","","","","","","","","","","","","","","","","","","","","","","","","","","","","","","","","","","","","","","","","","","","","","","","","","","","","","","","","","","","","","","","","","","","","","","","","","","","","","","","","","","","","","","","","","","","","","","","","","","","","","","","","","",""
"        Male","160,772,028","18,281,641","11.4%","2,383,686","346,779","14.5%","373,213","38,292","10.3%","3,583,600","410,809","11.5%","1,453,149","217,276","15.0%","19,102,598","2,140,110","11.2%","2,890,466","252,245","8.7%","1,722,473","147,524","8.6%","482,910","42,228","8.7%","306,351","38,164","12.5%","10,683,589","1,233,304","11.5%","5,162,167","588,034","11.4%","699,232","66,452","9.5%","948,085","94,512","10.0%","6,067,298","648,430","10.7%","3,290,366","374,614","11.4%","1,557,435","152,184","9.8%","1,423,434","158,006","11.1%","2,160,994","319,718","14.8%","2,170,129","359,130","16.5%","665,167","65,339","9.8%","2,935,998","250,762","8.5%","3,314,931","315,997","9.5%","4,862,688","589,204","12.1%","2,810,921","245,967","8.8%","1,365,407","239,134","17.5%","2,951,831","353,342","12.0%","553,519","63,054","11.4%","961,506","95,481","9.9%","1,573,398","173,103","11.0%","678,903","42,481","6.3%","4,473,003","391,300","8.7%","1,020,142","162,684","15.9%","9,375,675","1,242,009","13.2%","5,062,216","580,369","11.5%","383,826","38,456","10.0%","5,653,513","673,690","11.9%","1,928,440","273,186","14.2%","2,078,314","226,803","10.9%","6,179,670","652,419","10.6%","514,527","50,658","9.8%","2,481,862","313,217","12.6%","445,356","49,500","11.1%","3,374,987","399,241","11.8%","14,628,253","1,825,732","12.5%","1,687,939","123,816","7.3%","311,514","29,341","9.4%","4,156,778","391,111","9.4%","3,851,880","349,071","9.1%","848,481","140,561","16.6%","2,890,242","276,464","9.6%","289,966","30,338","10.5%","1,509,567","594,644","39.4%"
"        Female","164,749,442","22,669,984","13.8%","2,545,509","453,616","17.8%","342,381","40,316","11.8%","3,627,201","487,043","13.4%","1,504,949","279,035","18.5%","19,205,120","2,530,214","13.2%","2,836,913","288,272","10.2%","1,791,634","198,171","11.1%","512,197","51,057","10.0%","336,502","47,512","14.1%","11,080,777","1,529,375","13.8%","5,492,973","760,310","13.8%","703,497","75,926","10.8%","941,346","108,005","11.5%","6,238,721","821,213","13.2%","3,354,647","459,936","13.7%","1,546,108","187,683","12.1%","1,429,467","184,664","12.9%","2,228,498","403,147","18.1%","2,297,487","470,435","20.5%","682,331","79,822","11.7%","3,106,927","330,986","10.7%","3,448,407","384,159","11.1%","4,965,742","726,695","14.6%","2,788,849","294,112","10.5%","1,476,038","304,970","20.7%","3,053,711","437,688","14.3%","544,654","70,179","12.9%","958,511","120,357","12.6%","1,565,740","217,745","13.9%","680,991","55,576","8.2%","4,630,151","490,745","10.6%","1,051,891","202,041","19.2%","9,809,414","1,492,810","15.2%","5,355,003","748,788","14.0%","367,420","47,736","13.0%","5,815,007","867,232","14.9%","1,969,116","337,068","17.1%","2,083,236","277,132","13.3%","6,373,917","830,946","13.0%","538,117","63,220","11.7%","2,658,386","404,131","15.2%","434,448","60,389","13.9%","3,522,311","516,442","14.7%","14,788,426","2,287,909","15.5%","1,641,253","149,236","9.1%","313,256","35,821","11.4%","4,285,659","500,279","11.7%","3,800,091","414,398","10.9%","873,086","168,264","19.3%","2,873,744","340,573","11.9%","277,682","36,605","13.2%","1,685,487","738,467","43.8%"
"    RACE AND HISPANIC OR LATINO ORIGIN","","","","","","","","","","","","","","","","","","","","","","","","","","","","","","","","","","","","","","","","","","","","","","","","","","","","","","","","","","","","","","","","","","","","","","","","","","","","","","","","","","","","","","","","","","","","","","","","","","","","","","","","","","","","","","","","","","","","","","","","","","","","","","","","","","","","","","","","","","","","","","","","","","","","","","","","","","","","","","",""
"        White alone","198,385,835","19,544,155","9.9%","3,229,609","374,176","11.6%","428,541","33,079","7.7%","4,166,921","406,180","9.7%","2,048,846","291,486","14.2%","14,896,256","1,461,810","9.8%","4,031,919","328,589","8.1%","2,286,907","161,303","7.1%","598,577","39,462","6.6%","245,455","14,959","6.1%","12,181,940","1,238,678","10.2%","5,475,758","501,822","9.2%","302,296","29,484","9.8%","1,547,703","150,695","9.7%","7,523,449","650,598","8.6%","5,161,329","541,097","10.5%","2,624,939","244,968","9.3%","2,181,640","227,264","10.4%","3,657,968","551,284","15.1%","2,589,868","332,858","12.9%","1,227,218","124,895","10.2%","2,926,108","197,739","6.8%","4,662,295","367,182","7.9%","7,293,902","784,809","10.8%","4,330,763","317,577","7.3%","1,593,400","190,069","11.9%","4,673,545","526,844","11.3%","936,375","99,244","10.6%","1,508,379","142,821","9.5%","1,544,622","155,651","10.1%","1,191,435","82,718","6.9%","4,920,179","329,814","6.7%","963,083","139,390","14.5%","10,604,385","1,083,094","10.2%","6,497,550","626,370","9.6%","627,073","54,749","8.7%","8,856,612","950,167","10.7%","2,547,427","334,985","13.1%","3,105,908","353,450","11.4%","9,372,558","834,013","8.9%","741,109","55,332","7.5%","3,280,527","315,319","9.6%","711,217","64,712","9.1%","5,048,234","552,445","10.9%","14,007,420","1,434,665","10.2%","2,638,525","194,479","7.4%","569,543","53,970","9.5%","5,094,878","432,820","8.5%","5,045,523","438,750","8.7%","1,562,642","268,663","17.2%","4,642,871","402,310","8.7%","480,608","55,317","11.5%","841,937","352,796","41.9%"
"        Black or African American alone","39,053,610","8,317,088","21.3%","1,243,592","332,711","26.8%","20,644","5,009","24.3%","326,164","53,818","16.5%","415,497","120,455","29.0%","2,033,498","391,403","19.2%","224,466","39,986","17.8%","367,378","52,564","14.3%","217,401","30,954","14.2%","271,812","57,958","21.3%","3,224,666","622,486","19.3%","3,286,083","582,255","17.7%","23,746","2,745","11.6%","11,947","3,306","27.7%","1,621,744","412,125","25.4%","610,970","152,958","25.0%","113,235","38,484","34.0%","141,597","28,592","20.2%","326,319","86,948","26.6%","1,373,925","404,064","29.4%","20,513","5,860","28.6%","1,778,583","234,943","13.2%","472,958","82,416","17.4%","1,278,921","346,648","27.1%","386,438","95,573","24.7%","1,031,365","302,413","29.3%","628,980","153,604","24.4%","N","N","N","87,693","25,148","28.7%","289,705","59,944","20.7%","17,581","2,087","11.9%","1,132,709","184,569","16.3%","41,840","7,542","18.0%","2,730,828","609,101","22.3%","2,106,456","393,592","18.7%","24,147","7,388","30.6%","1,363,024","353,589","25.9%","254,038","64,337","25.3%","78,392","17,057","21.8%","1,282,336","295,367","23.0%","57,121","7,715","13.5%","1,281,660","302,447","23.6%","17,266","3,918","22.7%","1,062,938","223,616","21.0%","3,483,497","687,978","19.7%","35,826","5,137","14.3%","5,741","1,484","25.8%","1,555,519","267,701","17.2%","298,945","50,744","17.0%","50,734","15,566","30.7%","336,110","89,044","26.5%","3,652","1,238","33.9%","186,017","77,018","41.4%"
"        American Indian and Alaska Native alone","3,110,245","675,913","21.7%","23,864","4,331","18.1%","92,120","20,251","22.0%","295,923","85,766","29.0%","21,499","4,844","22.5%","494,381","76,130","15.4%","69,600","19,452","27.9%","9,733","1,605","16.5%","N","N","N","N","N","N","87,913","14,489","16.5%","53,972","12,967","24.0%","N","N","N","24,329","4,580","18.8%","85,474","11,022","12.9%","22,875","2,588","11.3%","11,048","3,978","36.0%","25,866","5,624","21.7%","7,139","1,626","22.8%","26,312","4,941","18.8%","6,688","1,131","16.9%","26,033","3,608","13.9%","18,952","1,997","10.5%","43,903","9,664","22.0%","50,898","15,316","30.1%","13,145","3,579","27.2%","15,941","2,764","17.3%","57,003","18,632","32.7%","18,668","3,877","20.8%","45,940","8,123","17.7%","N","N","N","43,157","7,134","16.5%","191,385","59,143","30.9%","121,142","25,292","20.9%","114,889","25,708","22.4%","32,023","11,613","36.3%","20,209","6,679","33.0%","291,274","59,558","20.4%","49,905","9,470","19.0%","33,853","11,373","33.6%","N","N","N","19,338","3,443","17.8%","65,133","28,547","43.8%","13,789","2,674","19.4%","240,445","39,874","16.6%","32,582","5,923","18.2%","N","N","N","24,778","4,027","16.3%","95,563","16,077","16.8%","N","N","N","41,660","9,642","23.1%","10,100","2,285","22.6%","6,911","2,753","39.8%"
"        Asian alone","19,268,199","1,937,553","10.1%","75,575","7,394","9.8%","45,145","5,220","11.6%","262,870","30,994","11.8%","46,967","6,670","14.2%","5,955,412","586,299","9.8%","185,924","16,778","9.0%","166,557","18,648","11.2%","40,716","2,070","5.1%","25,341","3,014","11.9%","628,053","60,843","9.7%","474,929","45,559","9.6%","499,991","35,028","7.0%","25,374","1,636","6.4%","740,358","71,925","9.7%","165,636","23,088","13.9%","72,884","10,285","14.1%","83,683","10,406","12.4%","61,552","6,723","10.9%","79,673","9,815","12.3%","14,305","1,422","9.9%","400,132","34,927","8.7%","477,548","55,266","11.6%","328,543","32,202","9.8%","288,343","34,044","11.8%","24,547","4,160","16.9%","130,858","16,835","12.9%","N","N","N","48,592","4,974","10.2%","289,243","36,133","12.5%","35,893","1,380","3.8%","922,728","57,117","6.2%","37,654","5,279","14.0%","1,738,256","245,252","14.1%","331,803","24,488","7.4%","11,331","2,532","22.3%","285,475","35,671","12.5%","92,093","13,374","14.5%","190,871","20,441","10.7%","470,974","52,485","11.1%","35,788","4,667","13.0%","88,268","8,243","9.3%","12,742","1,573","12.3%","130,362","11,385","8.7%","1,611,069","148,340","9.2%","82,806","8,314","10.0%","10,279","3,759","36.6%","595,993","41,044","6.9%","751,665","58,300","7.8%","13,181","1,316","10.0%","168,909","19,350","11.5%","N","N","N","5,638","2,196","38.9%"
"        Native Hawaiian and Other Pacific Islander alone","645,049","113,693","17.6%","N","N","N","N","N","N","13,823","1,460","10.6%","13,621","6,543","48.0%","156,558","20,577","13.1%","N","N","N","N","N","N","N","N","N","N","N","N","11,786","851","7.2%","N","N","N","140,660","26,921","19.1%","N","N","N","N","N","N","N","N","N","8,554","3,450","40.3%","N","N","N","N","N","N","N","N","N","N","N","N","N","N","N","N","N","N","N","N","N","N","N","N","N","N","N","7,113","987","13.9%","N","N","N","N","N","N","21,528","2,416","11.2%","N","N","N","N","N","N","N","N","N","7,652","2,133","27.9%","10,192","1,754","17.2%","N","N","N","N","N","N","7,814","1,375","17.6%","16,863","4,109","24.4%","N","N","N","N","N","N","N","N","N","N","N","N","N","N","N","33,939","7,555","22.3%","36,798","4,277","11.6%","N","N","N","7,470","1,858","24.9%","53,393","9,019","16.9%","N","N","N","N","N","N","N","N","N","N","N","N"
"        Some other race alone","24,049,908","4,303,587","17.9%","100,371","27,144","27.0%","12,868","738","5.7%","730,987","113,776","15.6%","89,039","18,466","20.7%","7,467,785","1,210,896","16.2%","371,898","46,194","12.4%","278,951","58,358","20.9%","39,192","8,199","20.9%","30,002","4,305","14.3%","1,439,154","238,660","16.6%","468,656","90,576","19.3%","25,437","2,822","11.1%","92,393","15,187","16.4%","980,720","140,964","14.4%","216,852","40,800","18.8%","73,309","12,702","17.3%","128,775","26,044","20.2%","67,862","15,904","23.4%","87,555","18,973","21.7%","8,507","1,476","17.4%","413,493","62,406","15.1%","404,771","78,686","19.4%","183,131","31,105","17.0%","165,783","29,546","17.8%","49,312","9,983","20.2%","109,093","24,813","22.7%","16,695","3,147","18.8%","84,309","12,974","15.4%","392,660","57,353","14.6%","24,531","4,123","16.8%","968,132","168,152","17.4%","315,938","65,220","20.6%","2,035,773","442,258","21.7%","533,068","122,335","22.9%","14,632","1,829","12.5%","190,373","45,526","23.9%","143,698","31,087","21.6%","228,375","35,295","15.5%","479,621","119,459","24.9%","84,258","22,059","26.2%","142,281","27,176","19.1%","16,243","1,399","8.6%","160,309","31,302","19.5%","2,995,904","588,893","19.7%","208,405","24,696","11.9%","3,999","567","14.2%","385,932","61,698","16.0%","444,280","79,887","18.0%","10,603","2,519","23.8%","112,759","22,154","19.6%","21,234","3,756","17.7%","936,748","398,946","42.6%"
"        Two or more races","41,008,624","6,059,636","14.8%","252,186","52,925","21.0%","101,808","11,207","11.0%","1,414,113","205,858","14.6%","322,629","47,847","14.8%","7,303,828","923,209","12.6%","837,173","88,683","10.6%","403,518","52,619","13.0%","95,753","11,545","12.1%","66,490","4,925","7.4%","4,190,854","586,672","14.0%","887,474","113,843","12.8%","406,778","44,424","10.9%","184,517","26,912","14.6%","1,346,998","181,194","13.5%","464,851","73,824","15.9%","199,574","26,000","13.0%","286,396","44,283","15.5%","265,421","60,226","22.7%","307,942","58,388","19.0%","70,046","10,377","14.8%","495,525","47,901","9.7%","725,118","114,069","15.7%","697,664","110,993","15.9%","375,085","47,838","12.8%","129,186","33,701","26.1%","440,012","65,183","14.8%","75,405","11,380","15.1%","171,202","25,893","15.1%","555,440","71,228","12.8%","88,107","7,253","8.2%","1,114,494","134,977","12.1%","520,192","87,874","16.9%","1,947,053","327,689","16.8%","823,261","134,910","16.4%","39,375","6,055","15.4%","749,344","148,770","19.9%","561,212","105,538","18.8%","491,236","64,113","13.1%","911,658","170,104","18.7%","130,041","23,080","17.7%","326,093","60,226","18.5%","56,407","9,734","17.3%","475,790","93,445","19.6%","7,044,405","1,206,336","17.1%","294,250","30,226","10.3%","34,048","5,204","15.3%","777,867","82,242","10.6%","962,602","110,692","11.5%","81,632","20,147","24.7%","458,983","74,121","16.1%","47,588","3,753","7.9%","1,217,710","499,309","41.0%"
"        Hispanic or Latino origin (of any race)","62,385,362","10,465,447","16.8%","238,512","65,787","27.6%","54,244","5,943","11.0%","2,345,900","372,860","15.9%","251,032","51,119","20.4%","15,468,911","2,300,778","14.9%","1,291,049","169,176","13.1%","642,153","117,875","18.4%","102,759","17,624","17.2%","76,617","7,931","10.4%","5,938,929","890,209","15.0%","1,110,626","184,216","16.6%","152,774","17,611","11.5%","254,427","37,487","14.7%","2,263,480","306,744","13.6%","522,232","94,377","18.1%","211,890","31,167","14.7%","372,821","71,477","19.2%","180,250","38,092","21.1%","254,329","51,704","20.3%","26,836","3,563","13.3%","694,087","87,462","12.6%","884,803","175,802","19.9%","558,250","101,908","18.3%","327,079","54,862","16.8%","92,150","20,626","22.4%","283,889","53,585","18.9%","48,628","11,755","24.2%","236,002","37,749","16.0%","950,770","125,562","13.2%","60,953","9,033","14.8%","2,000,038","307,968","15.4%","1,042,338","204,156","19.6%","3,784,698","788,943","20.8%","1,086,257","225,041","20.7%","33,091","4,146","12.5%","502,385","110,731","22.0%","473,591","100,959","21.3%","597,899","88,634","14.8%","1,084,652","258,956","23.9%","187,472","43,174","23.0%","333,161","64,424","19.3%","41,384","8,928","21.6%","434,913","86,789","20.0%","11,884,850","2,216,294","18.6%","505,112","60,393","12.0%","13,463","1,867","13.9%","881,985","126,074","14.3%","1,070,519","158,876","14.8%","32,065","7,171","22.4%","437,689","81,548","18.6%","61,418","6,291","10.2%","3,163,832","1,325,374","41.9%"
"        White alone, not Hispanic or Latino","187,936,535","17,808,162","9.5%","3,180,344","360,294","11.3%","412,763","32,271","7.8%","3,738,850","338,783","9.1%","2,001,282","278,770","13.9%","12,927,328","1,183,941","9.2%","3,725,305","286,501","7.7%","2,179,740","142,870","6.6%","587,800","37,736","6.4%","234,676","13,731","5.9%","11,070,337","1,062,866","9.6%","5,303,181","476,488","9.0%","283,300","28,344","10.0%","1,493,234","142,942","9.6%","7,206,396","605,460","8.4%","5,061,163","519,706","10.3%","2,573,772","239,183","9.3%","2,091,002","207,094","9.9%","3,621,923","543,720","15.0%","2,549,729","326,114","12.8%","1,219,007","123,757","10.2%","2,851,331","191,471","6.7%","4,544,574","344,376","7.6%","7,165,227","756,468","10.6%","4,273,862","309,255","7.2%","1,583,046","188,098","11.9%","4,613,350","514,682","11.2%","918,140","95,077","10.4%","1,458,400","133,092","9.1%","1,394,279","138,466","9.9%","1,179,068","80,230","6.8%","4,685,603","301,937","6.4%","720,908","87,346","12.1%","10,160,602","996,627","9.8%","6,348,177","593,038","9.3%","618,355","53,564","8.7%","8,749,962","929,222","10.6%","2,448,960","312,649","12.8%","2,985,526","335,644","11.2%","9,214,499","802,586","8.7%","716,911","53,072","7.4%","3,224,726","306,419","9.5%","702,882","62,823","8.9%","4,970,895","542,272","10.9%","11,448,645","958,489","8.4%","2,519,133","178,766","7.1%","565,434","53,383","9.4%","4,969,640","412,639","8.3%","4,864,419","415,896","8.5%","1,554,651","266,358","17.1%","4,561,805","389,889","8.5%","462,393","53,757","11.6%","17,584","4,051","23.0%"
"    EDUCATIONAL ATTAINMENT","","","","","","","","","","","","","","","","","","","","","","","","","","","","","","","","","","","","","","","","","","","","","","","","","","","","","","","","","","","","","","","","","","","","","","","","","","","","","","","","","","","","","","","","","","","","","","","","","","","","","","","","","","","","","","","","","","","","","","","","","","","","","","","","","","","","","","","","","","","","","","","","","","","","","","","","","","","","","","",""
"        Population 25 years and over","226,238,632","24,100,191","10.7%","3,409,536","455,033","13.3%","480,534","46,111","9.6%","4,976,503","534,391","10.7%","2,012,231","287,148","14.3%","26,556,589","2,814,990","10.6%","4,032,252","315,638","7.8%","2,510,469","214,927","8.6%","714,954","57,974","8.1%","474,230","52,350","11.0%","15,859,418","1,748,889","11.0%","7,204,139","752,879","10.5%","1,010,351","91,512","9.1%","1,258,236","113,069","9.0%","8,552,172","859,813","10.1%","4,498,113","463,653","10.3%","2,118,274","188,196","8.9%","1,905,112","185,249","9.7%","3,026,631","428,250","14.1%","3,023,268","470,788","15.6%","1,015,426","101,073","10.0%","4,230,466","361,774","8.6%","4,891,730","456,610","9.3%","6,883,704","765,566","11.1%","3,864,406","314,222","8.1%","1,914,533","307,933","16.1%","4,158,990","463,259","11.1%","773,331","81,204","10.5%","1,281,241","116,270","9.1%","2,202,370","245,584","11.2%","1,010,517","70,395","7.0%","6,405,386","547,392","8.5%","1,432,507","214,099","14.9%","13,722,357","1,699,412","12.4%","7,266,200","770,841","10.6%","505,023","44,608","8.8%","7,985,175","887,165","11.1%","2,598,785","339,298","13.1%","3,008,678","321,873","10.7%","8,988,578","910,714","10.1%","765,882","76,281","10.0%","3,612,499","417,709","11.6%","591,545","59,917","10.1%","4,796,297","538,210","11.2%","19,260,107","2,154,261","11.2%","2,026,367","132,061","6.5%","462,730","42,006","9.1%","5,882,713","516,217","8.8%","5,416,555","482,814","8.9%","1,233,055","184,845","15.0%","4,034,543","358,050","8.9%","393,924","37,668","9.6%","2,383,169","910,196","38.2%"
"            Less than high school graduate","23,001,564","5,630,757","24.5%","370,230","111,384","30.1%","32,203","7,207","22.4%","533,896","130,569","24.5%","216,171","60,144","27.8%","4,027,021","821,944","20.4%","273,442","56,859","20.8%","207,792","49,626","23.9%","55,955","12,394","22.1%","29,033","10,750","37.0%","1,553,382","384,797","24.8%","740,626","178,000","24.0%","71,739","13,004","18.1%","98,299","19,926","20.3%","798,230","173,355","21.7%","432,534","103,583","23.9%","136,542","32,611","23.9%","147,642","35,989","24.4%","323,342","108,216","33.5%","369,973","123,572","33.4%","52,227","15,071","28.9%","356,743","76,906","21.6%","417,601","107,380","25.7%","552,319","149,480","27.1%","228,974","58,153","25.4%","229,313","76,152","33.2%","340,263","92,277","27.1%","45,024","14,088","31.3%","90,176","17,326","19.2%","274,756","50,566","18.4%","52,753","9,281","17.6%","586,586","125,288","21.4%","167,607","51,096","30.5%","1,622,349","466,085","28.7%","697,266","185,201","26.6%","29,217","5,413","18.5%","642,388","183,066","28.5%","264,942","75,974","28.7%","251,661","59,796","23.8%","688,106","172,162","25.0%","71,010","18,947","26.7%","334,144","95,644","28.6%","38,947","10,930","28.1%","449,224","125,505","27.9%","2,618,911","622,320","23.8%","139,132","18,825","13.5%","22,154","7,052","31.8%","486,508","113,936","23.4%","422,286","85,913","20.3%","129,958","43,717","33.6%","256,380","58,586","22.9%","24,587","4,691","19.1%","433,630","277,989","64.1%"
"            High school graduate (includes equivalency)","58,382,408","8,428,536","14.4%","1,026,266","175,614","17.1%","137,011","18,678","13.6%","1,174,430","167,745","14.3%","680,726","121,350","17.8%","5,411,020","753,884","13.9%","797,787","89,388","11.2%","644,107","79,313","12.3%","200,882","21,064","10.5%","62,784","15,696","25.0%","4,262,915","601,172","14.1%","1,918,782","269,370","14.0%","267,286","33,991","12.7%","325,432","38,646","11.9%","2,125,020","297,759","14.0%","1,427,346","184,488","12.9%","617,060","73,572","11.9%","472,184","66,854","14.2%","974,041","173,585","17.8%","971,534","180,947","18.6%","304,085","43,905","14.4%","985,490","125,410","12.7%","1,111,890","150,842","13.6%","1,915,533","288,629","15.1%","887,335","114,139","12.9%","583,250","118,773","20.4%","1,238,371","188,122","15.2%","210,446","29,777","14.1%","317,896","43,355","13.6%","610,455","82,845","13.6%","272,629","29,855","11.0%","1,596,775","205,557","12.9%","367,541","68,209","18.6%","3,347,833","569,865","17.0%","1,791,590","266,337","14.9%","127,672","17,448","13.7%","2,529,286","360,158","14.2%","784,081","127,515","16.3%","672,762","93,802","13.9%","2,922,344","393,747","13.5%","186,420","29,180","15.7%","992,594","157,062","15.8%","170,625","24,559","14.4%","1,487,916","222,830","15.0%","4,604,590","689,749","15.0%","443,311","41,670","9.4%","119,711","14,836","12.4%","1,388,213","180,066","13.0%","1,155,489","144,722","12.5%","470,583","82,581","17.5%","1,182,960","146,808","12.4%","106,119","13,067","12.3%","662,512","314,071","47.4%"
"            Some college, associate's degree","63,322,713","6,334,984","10.0%","1,014,999","120,030","11.8%","162,477","14,950","9.2%","1,611,428","153,838","9.5%","597,438","79,696","13.3%","7,227,919","736,086","10.2%","1,090,649","96,771","8.9%","597,316","45,937","7.7%","195,660","14,055","7.2%","69,902","11,581","16.6%","4,548,817","446,144","9.8%","2,012,941","192,334","9.6%","310,761","27,554","8.9%","424,051","34,758","8.2%","2,366,610","242,680","10.3%","1,289,001","124,824","9.7%","674,689","54,813","8.1%","596,770","53,883","9.0%","872,786","105,997","12.1%","845,688","115,401","13.6%","289,067","26,790","9.3%","1,017,234","89,429","8.8%","1,065,638","102,751","9.6%","2,185,549","238,652","10.9%","1,221,794","93,845","7.7%","619,663","86,557","14.0%","1,223,456","122,700","10.0%","246,961","24,511","9.9%","425,044","37,956","8.9%","717,843","73,127","10.2%","264,956","19,553","7.4%","1,412,536","118,734","8.4%","456,657","68,807","15.1%","3,219,512","370,810","11.5%","2,139,077","202,170","9.5%","185,554","16,787","9.0%","2,228,641","235,493","10.6%","795,283","98,184","12.3%","981,750","111,656","11.4%","2,181,699","204,134","9.4%","201,673","17,192","8.5%","1,096,280","111,702","10.2%","192,167","16,037","8.3%","1,352,381","129,947","9.6%","5,407,316","536,718","9.9%","670,593","43,863","6.5%","114,987","11,646","10.1%","1,499,021","137,685","9.2%","1,690,422","160,314","9.5%","322,560","41,059","12.7%","1,241,876","100,110","8.1%","145,621","14,733","10.1%","572,764","206,572","36.1%"
"            Bachelor's degree or higher","81,531,947","3,705,914","4.5%","998,041","48,005","4.8%","148,843","5,276","3.5%","1,656,749","82,239","5.0%","517,896","25,958","5.0%","9,890,629","503,076","5.1%","1,870,374","72,620","3.9%","1,061,254","40,051","3.8%","262,457","10,461","4.0%","312,511","14,323","4.6%","5,494,304","316,776","5.8%","2,531,790","113,175","4.5%","360,565","16,963","4.7%","410,454","19,739","4.8%","3,262,312","146,019","4.5%","1,349,232","50,758","3.8%","689,983","27,200","3.9%","688,516","28,523","4.1%","856,462","40,452","4.7%","836,073","50,868","6.1%","370,047","15,307","4.1%","1,870,999","70,029","3.7%","2,296,601","95,637","4.2%","2,230,303","88,805","4.0%","1,526,303","48,085","3.2%","482,307","26,451","5.5%","1,356,900","60,160","4.4%","270,900","12,828","4.7%","448,125","17,633","3.9%","599,316","39,046","6.5%","420,179","11,706","2.8%","2,809,489","97,813","3.5%","440,702","25,987","5.9%","5,532,663","292,652","5.3%","2,638,267","117,133","4.4%","162,580","4,960","3.1%","2,584,860","108,448","4.2%","754,479","37,625","5.0%","1,102,505","56,619","5.1%","3,196,429","140,671","4.4%","306,779","10,962","3.6%","1,189,481","53,301","4.5%","189,806","8,391","4.4%","1,506,776","59,928","4.0%","6,629,290","305,474","4.6%","773,331","27,703","3.6%","205,878","8,472","4.1%","2,508,971","84,530","3.4%","2,148,358","91,865","4.3%","309,954","17,488","5.6%","1,353,327","52,546","3.9%","117,597","5,177","4.4%","714,263","111,564","15.6%"
"    EMPLOYMENT STATUS","","","","","","","","","","","","","","","","","","","","","","","","","","","","","","","","","","","","","","","","","","","","","","","","","","","","","","","","","","","","","","","","","","","","","","","","","","","","","","","","","","","","","","","","","","","","","","","","","","","","","","","","","","","","","","","","","","","","","","","","","","","","","","","","","","","","","","","","","","","","","","","","","","","","","","","","","","","","","","",""
"        Civilian labor force 16 years and over","168,656,030","11,352,914","6.7%","2,366,196","204,203","8.6%","361,161","21,351","5.9%","3,579,764","246,123","6.9%","1,389,275","116,123","8.4%","19,909,539","1,295,732","6.5%","3,226,225","174,882","5.4%","1,922,406","96,879","5.0%","516,686","25,123","4.9%","387,321","23,449","6.1%","10,880,063","732,699","6.7%","5,470,739","377,816","6.9%","696,037","35,302","5.1%","937,351","57,562","6.1%","6,577,680","421,924","6.4%","3,445,012","241,422","7.0%","1,681,142","118,157","7.0%","1,498,416","112,993","7.5%","2,139,830","185,176","8.7%","2,141,199","214,328","10.0%","710,010","35,579","5.0%","3,280,666","159,249","4.9%","3,809,363","190,433","5.0%","4,993,625","370,878","7.4%","3,083,869","174,831","5.7%","1,312,880","132,475","10.1%","3,089,318","213,809","6.9%","572,783","38,933","6.8%","1,038,943","69,233","6.7%","1,611,149","111,686","6.9%","766,852","25,497","3.3%","4,928,472","248,055","5.0%","979,013","103,005","10.5%","10,026,188","697,455","7.0%","5,295,145","357,604","6.8%","408,650","29,030","7.1%","5,940,984","428,781","7.2%","1,906,348","176,939","9.3%","2,175,669","146,465","6.7%","6,595,656","403,848","6.1%","578,627","29,940","5.2%","2,545,330","197,332","7.8%","469,201","31,848","6.8%","3,510,948","241,046","6.9%","15,185,482","1,170,723","7.7%","1,767,917","99,638","5.6%","346,763","20,573","5.9%","4,423,896","256,610","5.8%","4,012,798","207,088","5.2%","767,525","69,135","9.0%","3,096,106","190,679","6.2%","299,812","23,273","7.8%","1,290,628","349,713","27.1%"
"            Employed","161,511,581","9,177,878","5.7%","2,266,821","165,581","7.3%","344,693","16,254","4.7%","3,427,747","196,133","5.7%","1,327,152","92,651","7.0%","18,860,696","1,004,876","5.3%","3,115,687","148,245","4.8%","1,833,635","73,566","4.0%","494,635","18,598","3.8%","368,673","15,967","4.3%","10,450,331","604,927","5.8%","5,245,944","309,579","5.9%","670,868","28,847","4.3%","909,954","52,360","5.8%","6,265,839","324,409","5.2%","3,322,664","201,445","6.1%","1,633,035","101,548","6.2%","1,444,551","93,597","6.5%","2,047,555","146,815","7.2%","2,024,603","168,824","8.3%","686,981","29,593","4.3%","3,152,422","129,060","4.1%","3,656,422","150,909","4.1%","4,762,922","295,053","6.2%","2,986,019","148,829","5.0%","1,249,093","107,502","8.6%","2,974,885","175,212","5.9%","555,923","33,490","6.0%","1,016,189","62,598","6.2%","1,522,779","87,828","5.8%","747,969","22,979","3.1%","4,680,425","188,682","4.0%","932,082","82,572","8.9%","9,515,023","531,704","5.6%","5,098,382","297,970","5.8%","400,644","26,837","6.7%","5,724,244","353,530","6.2%","1,827,125","146,279","8.0%","2,085,974","119,678","5.7%","6,314,701","312,567","4.9%","552,268","21,368","3.9%","2,436,427","160,497","6.6%","456,586","26,953","5.9%","3,390,609","199,199","5.9%","14,522,778","983,327","6.8%","1,721,061","89,357","5.2%","337,491","17,281","5.1%","4,266,299","211,819","5.0%","3,851,305","162,596","4.2%","731,393","53,080","7.3%","3,011,343","165,676","5.5%","288,734","19,631","6.8%","1,162,875","267,243","23.0%"
"                Male","85,304,159","4,048,602","4.7%","1,187,276","67,812","5.7%","187,362","8,395","4.5%","1,850,825","97,950","5.3%","706,270","38,757","5.5%","10,198,277","493,837","4.8%","1,679,874","69,324","4.1%","949,205","28,544","3.0%","254,615","7,979","3.1%","175,815","8,061","4.6%","5,491,842","271,645","4.9%","2,710,613","126,327","4.7%","343,148","12,771","3.7%","493,557","22,871","4.6%","3,293,601","133,585","4.1%","1,764,829","86,268","4.9%","864,132","44,946","5.2%","767,216","41,379","5.4%","1,076,897","64,886","6.0%","1,034,348","63,538","6.1%","350,827","11,507","3.3%","1,611,839","53,748","3.3%","1,875,914","64,964","3.5%","2,515,765","123,241","4.9%","1,569,786","65,164","4.2%","636,555","40,847","6.4%","1,542,709","76,316","4.9%","293,987","15,034","5.1%","542,942","27,369","5.0%","819,127","40,495","4.9%","394,256","8,671","2.2%","2,475,143","82,684","3.3%","486,697","34,027","7.0%","4,901,301","233,213","4.8%","2,632,804","124,868","4.7%","215,931","11,794","5.5%","2,996,916","146,962","4.9%","976,945","68,584","7.0%","1,098,122","53,156","4.8%","3,307,101","132,487","4.0%","283,259","8,277","2.9%","1,254,557","65,392","5.2%","241,764","12,948","5.4%","1,786,177","86,258","4.8%","7,896,042","462,514","5.9%","959,584","41,216","4.3%","172,645","7,665","4.4%","2,216,884","84,903","3.8%","2,091,630","73,622","3.5%","383,828","23,699","6.2%","1,587,969","69,284","4.4%","155,451","8,818","5.7%","605,367","136,593","22.6%"
"                Female","76,207,422","5,129,276","6.7%","1,079,545","97,769","9.1%","157,331","7,859","5.0%","1,576,922","98,183","6.2%","620,882","53,894","8.7%","8,662,419","511,039","5.9%","1,435,813","78,921","5.5%","884,430","45,022","5.1%","240,020","10,619","4.4%","192,858","7,906","4.1%","4,958,489","333,282","6.7%","2,535,331","183,252","7.2%","327,720","16,076","4.9%","416,397","29,489","7.1%","2,972,238","190,824","6.4%","1,557,835","115,177","7.4%","768,903","56,602","7.4%","677,335","52,218","7.7%","970,658","81,929","8.4%","990,255","105,286","10.6%","336,154","18,086","5.4%","1,540,583","75,312","4.9%","1,780,508","85,945","4.8%","2,247,157","171,812","7.6%","1,416,233","83,665","5.9%","612,538","66,655","10.9%","1,432,176","98,896","6.9%","261,936","18,456","7.0%","473,247","35,229","7.4%","703,652","47,333","6.7%","353,713","14,308","4.0%","2,205,282","105,998","4.8%","445,385","48,545","10.9%","4,613,722","298,491","6.5%","2,465,578","173,102","7.0%","184,713","15,043","8.1%","2,727,328","206,568","7.6%","850,180","77,695","9.1%","987,852","66,522","6.7%","3,007,600","180,080","6.0%","269,009","13,091","4.9%","1,181,870","95,105","8.0%","214,822","14,005","6.5%","1,604,432","112,941","7.0%","6,626,736","520,813","7.9%","761,477","48,141","6.3%","164,846","9,616","5.8%","2,049,415","126,916","6.2%","1,759,675","88,974","5.1%","347,565","29,381","8.5%","1,423,374","96,392","6.8%","133,283","10,813","8.1%","557,508","130,650","23.4%"
"            Unemployed","7,144,449","2,175,036","30.4%","99,375","38,622","38.9%","16,468","5,097","31.0%","152,017","49,990","32.9%","62,123","23,472","37.8%","1,048,843","290,856","27.7%","110,538","26,637","24.1%","88,771","23,313","26.3%","22,051","6,525","29.6%","18,648","7,482","40.1%","429,732","127,772","29.7%","224,795","68,237","30.4%","25,169","6,455","25.6%","27,397","5,202","19.0%","311,841","97,515","31.3%","122,348","39,977","32.7%","48,107","16,609","34.5%","53,865","19,396","36.0%","92,275","38,361","41.6%","116,596","45,504","39.0%","23,029","5,986","26.0%","128,244","30,189","23.5%","152,941","39,524","25.8%","230,703","75,825","32.9%","97,850","26,002","26.6%","63,787","24,973","39.2%","114,433","38,597","33.7%","16,860","5,443","32.3%","22,754","6,635","29.2%","88,370","23,858","27.0%","18,883","2,518","13.3%","248,047","59,373","23.9%","46,931","20,433","43.5%","511,165","165,751","32.4%","196,763","59,634","30.3%","8,006","2,193","27.4%","216,740","75,251","34.7%","79,223","30,660","38.7%","89,695","26,787","29.9%","280,955","91,281","32.5%","26,359","8,572","32.5%","108,903","36,835","33.8%","12,615","4,895","38.8%","120,339","41,847","34.8%","662,704","187,396","28.3%","46,856","10,281","21.9%","9,272","3,292","35.5%","157,597","44,791","28.4%","161,493","44,492","27.6%","36,132","16,055","44.4%","84,763","25,003","29.5%","11,078","3,642","32.9%","127,753","82,470","64.6%"
"                Male","3,803,190","1,072,024","28.2%","46,567","15,363","33.0%","9,838","2,681","27.3%","78,427","24,359","31.1%","30,420","11,443","37.6%","552,630","149,172","27.0%","58,973","12,972","22.0%","49,555","13,140","26.5%","9,695","3,096","31.9%","9,865","3,617","36.7%","222,567","58,815","26.4%","109,015","28,436","26.1%","14,325","3,257","22.7%","17,830","4,002","22.4%","172,055","52,297","30.4%","66,575","21,218","31.9%","25,987","8,006","30.8%","29,035","10,434","35.9%","49,976","19,911","39.8%","59,498","18,958","31.9%","11,960","3,927","32.8%","67,066","13,822","20.6%","82,793","17,086","20.6%","125,902","37,871","30.1%","58,338","14,926","25.6%","30,769","9,450","30.7%","61,529","17,666","28.7%","9,761","2,914","29.9%","11,835","2,845","24.0%","45,077","11,164","24.8%","11,171","1,180","10.6%","128,595","28,445","22.1%","27,300","11,231","41.1%","271,846","80,841","29.7%","101,643","28,481","28.0%","4,415","1,196","27.1%","123,474","37,323","30.2%","42,931","16,363","38.1%","50,550","14,187","28.1%","153,466","48,128","31.4%","13,401","3,635","27.1%","53,411","16,238","30.4%","6,950","2,708","39.0%","59,522","18,801","31.6%","354,988","93,478","26.3%","26,123","5,044","19.3%","5,375","1,793","33.4%","86,315","23,194","26.9%","89,646","22,711","25.3%","19,949","8,432","42.3%","46,834","13,095","28.0%","7,422","2,672","36.0%","62,859","36,638","58.3%"
"                Female","3,341,259","1,103,012","33.0%","52,808","23,259","44.0%","6,630","2,416","36.4%","73,590","25,631","34.8%","31,703","12,029","37.9%","496,213","141,684","28.6%","51,565","13,665","26.5%","39,216","10,173","25.9%","12,356","3,429","27.8%","8,783","3,865","44.0%","207,165","68,957","33.3%","115,780","39,801","34.4%","10,844","3,198","29.5%","9,567","1,200","12.5%","139,786","45,218","32.3%","55,773","18,759","33.6%","22,120","8,603","38.9%","24,830","8,962","36.1%","42,299","18,450","43.6%","57,098","26,546","46.5%","11,069","2,059","18.6%","61,178","16,367","26.8%","70,148","22,438","32.0%","104,801","37,954","36.2%","39,512","11,076","28.0%","33,018","15,523","47.0%","52,904","20,931","39.6%","7,099","2,529","35.6%","10,919","3,790","34.7%","43,293","12,694","29.3%","7,712","1,338","17.3%","119,452","30,928","25.9%","19,631","9,202","46.9%","239,319","84,910","35.5%","95,120","31,153","32.8%","3,591","997","27.8%","93,266","37,928","40.7%","36,292","14,297","39.4%","39,145","12,600","32.2%","127,489","43,153","33.8%","12,958","4,937","38.1%","55,492","20,597","37.1%","5,665","2,187","38.6%","60,817","23,046","37.9%","307,716","93,918","30.5%","20,733","5,237","25.3%","3,897","1,499","38.5%","71,282","21,597","30.3%","71,847","21,781","30.3%","16,183","7,623","47.1%","37,929","11,908","31.4%","3,656","970","26.5%","64,894","45,832","70.6%"
"    WORK EXPERIENCE","","","","","","","","","","","","","","","","","","","","","","","","","","","","","","","","","","","","","","","","","","","","","","","","","","","","","","","","","","","","","","","","","","","","","","","","","","","","","","","","","","","","","","","","","","","","","","","","","","","","","","","","","","","","","","","","","","","","","","","","","","","","","","","","","","","","","","","","","","","","","","","","","","","","","","","","","","","","","","",""
"        Population 16 years and over","262,803,318","30,597,854","11.6%","3,963,997","581,538","14.7%","561,428","56,478","10.1%","5,835,616","677,507","11.6%","2,355,174","361,029","15.3%","30,964,475","3,547,390","11.5%","4,674,277","422,398","9.0%","2,883,221","264,915","9.2%","814,604","69,455","8.5%","529,118","65,840","12.4%","18,053,506","2,118,319","11.7%","8,480,128","977,842","11.5%","1,145,367","109,625","9.6%","1,486,223","147,927","10.0%","9,960,428","1,093,462","11.0%","5,292,085","617,521","11.7%","2,481,859","263,511","10.6%","2,254,197","257,754","11.4%","3,520,528","535,855","15.2%","3,543,701","599,011","16.9%","1,138,069","121,550","10.7%","4,867,526","445,851","9.2%","5,605,109","565,057","10.1%","8,002,293","975,060","12.2%","4,479,641","416,793","9.3%","2,253,892","388,279","17.2%","4,830,364","587,179","12.2%","894,964","105,976","11.8%","1,507,360","156,922","10.4%","2,543,245","293,444","11.5%","1,145,944","84,611","7.4%","7,371,042","654,991","8.9%","1,676,417","271,940","16.2%","15,733,646","2,077,121","13.2%","8,418,740","979,665","11.6%","592,585","66,287","11.2%","9,255,284","1,139,260","12.3%","3,072,598","443,812","14.4%","3,446,625","404,539","11.7%","10,279,386","1,129,214","11.0%","877,788","93,369","10.6%","4,169,304","528,368","12.7%","691,669","81,774","11.8%","5,569,637","676,762","12.2%","22,926,029","2,843,135","12.4%","2,519,154","203,071","8.1%","526,911","53,165","10.1%","6,823,084","683,326","10.0%","6,222,049","598,898","9.6%","1,418,016","231,445","16.3%","4,690,698","479,737","10.2%","454,317","49,876","11.0%","2,757,415","1,076,591","39.0%"
"            Worked full-time, year-round in the past 12 months","118,631,137","2,814,592","2.4%","1,715,878","65,942","3.8%","250,377","3,839","1.5%","2,546,633","61,428","2.4%","1,008,955","32,171","3.2%","13,380,945","284,348","2.1%","2,284,859","40,380","1.8%","1,313,221","17,885","1.4%","372,115","6,157","1.7%","294,398","2,851","1.0%","7,784,401","203,181","2.6%","3,970,654","109,686","2.8%","507,509","8,361","1.6%","636,066","14,466","2.3%","4,571,541","86,542","1.9%","2,407,894","57,390","2.4%","1,191,760","24,551","2.1%","1,091,617","30,953","2.8%","1,508,173","49,753","3.3%","1,514,453","63,673","4.2%","490,064","8,018","1.6%","2,425,912","40,837","1.7%","2,615,785","33,547","1.3%","3,367,662","77,838","2.3%","2,111,020","33,937","1.6%","962,319","42,002","4.4%","2,213,424","57,502","2.6%","389,345","10,593","2.7%","750,826","17,194","2.3%","1,112,504","28,974","2.6%","545,595","5,336","1.0%","3,437,474","57,254","1.7%","672,806","25,863","3.8%","6,862,917","145,009","2.1%","3,843,807","99,561","2.6%","297,938","6,704","2.3%","4,153,762","97,436","2.3%","1,369,817","50,343","3.7%","1,416,643","28,348","2.0%","4,638,438","81,293","1.8%","405,572","5,179","1.3%","1,805,776","48,476","2.7%","344,182","8,911","2.6%","2,545,785","67,184","2.6%","11,066,315","379,655","3.4%","1,177,082","19,599","1.7%","231,175","4,303","1.9%","3,311,421","64,847","2.0%","2,782,450","41,637","1.5%","547,765","15,752","2.9%","2,172,775","41,383","1.9%","211,332","6,520","3.1%","787,531","94,855","12.0%"
"            Worked part-time or part-year in the past 12 months","56,645,846","8,826,966","15.6%","754,417","147,525","19.6%","149,403","18,638","12.5%","1,161,606","186,027","16.0%","432,511","86,585","20.0%","7,019,707","970,833","13.8%","1,111,299","152,421","13.7%","671,234","76,533","11.4%","167,902","18,232","10.9%","102,963","18,791","18.3%","3,470,592","529,504","15.3%","1,728,172","281,560","16.3%","240,448","27,544","11.5%","370,610","53,663","14.5%","2,198,566","326,162","14.8%","1,196,481","204,288","17.1%","576,515","105,438","18.3%","491,989","91,707","18.6%","732,800","147,313","20.1%","695,607","147,581","21.2%","261,225","30,762","11.8%","962,652","116,033","12.1%","1,326,275","160,547","12.1%","1,832,947","307,757","16.8%","1,126,821","154,088","13.7%","408,856","94,501","23.1%","1,020,129","166,497","16.3%","220,645","31,460","14.3%","348,953","59,513","17.1%","544,353","80,079","14.7%","264,330","23,939","9.1%","1,596,442","170,980","10.7%","354,619","78,860","22.2%","3,434,611","536,862","15.6%","1,722,506","273,700","15.9%","143,504","28,528","19.9%","2,060,468","359,711","17.5%","628,252","135,773","21.6%","861,460","129,458","15.0%","2,184,279","329,622","15.1%","192,502","23,734","12.3%","865,289","158,872","18.4%","155,228","26,026","16.8%","1,129,937","187,430","16.6%","4,650,224","837,612","18.0%","684,452","89,778","13.1%","136,595","18,372","13.4%","1,381,000","210,344","15.2%","1,434,873","174,965","12.2%","251,344","57,687","23.0%","1,082,536","166,075","15.3%","105,717","17,056","16.1%","467,588","214,098","45.8%"
"            Did not work","87,526,335","18,956,296","21.7%","1,493,702","368,071","24.6%","161,648","34,001","21.0%","2,127,377","430,052","20.2%","913,708","242,273","26.5%","10,563,823","2,292,209","21.7%","1,278,119","229,597","18.0%","898,766","170,497","19.0%","274,587","45,066","16.4%","131,757","44,198","33.5%","6,798,513","1,385,634","20.4%","2,781,302","586,596","21.1%","397,410","73,720","18.6%","479,547","79,798","16.6%","3,190,321","680,758","21.3%","1,687,710","355,843","21.1%","713,584","133,522","18.7%","670,591","135,094","20.1%","1,279,555","338,789","26.5%","1,333,641","387,757","29.1%","386,780","82,770","21.4%","1,478,962","288,981","19.5%","1,663,049","370,963","22.3%","2,801,684","589,465","21.0%","1,241,800","228,768","18.4%","882,717","251,776","28.5%","1,596,811","363,180","22.7%","284,974","63,923","22.4%","407,581","80,215","19.7%","886,388","184,391","20.8%","336,019","55,336","16.5%","2,337,126","426,757","18.3%","648,992","167,217","25.8%","5,436,118","1,395,250","25.7%","2,852,427","606,404","21.3%","151,143","31,055","20.5%","3,041,054","682,113","22.4%","1,074,529","257,696","24.0%","1,168,522","246,733","21.1%","3,456,669","718,299","20.8%","279,714","64,456","23.0%","1,498,239","321,020","21.4%","192,259","46,837","24.4%","1,893,915","422,148","22.3%","7,209,490","1,625,868","22.6%","657,620","93,694","14.2%","159,141","30,490","19.2%","2,130,663","408,135","19.2%","2,004,726","382,296","19.1%","618,907","158,006","25.5%","1,435,387","272,279","19.0%","137,268","26,300","19.2%","1,502,296","767,638","51.1%"
"    ALL INDIVIDUALS WITH INCOME BELOW THE FOLLOWING POVERTY RATIOS","","","","","","","","","","","","","","","","","","","","","","","","","","","","","","","","","","","","","","","","","","","","","","","","","","","","","","","","","","","","","","","","","","","","","","","","","","","","","","","","","","","","","","","","","","","","","","","","","","","","","","","","","","","","","","","","","","","","","","","","","","","","","","","","","","","","","","","","","","","","","","","","","","","","","","","","","","","","","","",""
"        50 percent of poverty level","19,950,754","(X)","(X)","375,314","(X)","(X)","38,781","(X)","(X)","467,291","(X)","(X)","244,567","(X)","(X)","2,286,251","(X)","(X)","277,964","(X)","(X)","175,571","(X)","(X)","47,312","(X)","(X)","51,533","(X)","(X)","1,332,739","(X)","(X)","677,108","(X)","(X)","75,921","(X)","(X)","88,138","(X)","(X)","763,512","(X)","(X)","417,330","(X)","(X)","168,266","(X)","(X)","160,730","(X)","(X)","328,593","(X)","(X)","378,290","(X)","(X)","66,376","(X)","(X)","297,795","(X)","(X)","357,755","(X)","(X)","641,628","(X)","(X)","251,049","(X)","(X)","251,066","(X)","(X)","380,681","(X)","(X)","63,753","(X)","(X)","98,685","(X)","(X)","205,570","(X)","(X)","48,076","(X)","(X)","404,263","(X)","(X)","163,238","(X)","(X)","1,428,088","(X)","(X)","620,169","(X)","(X)","42,233","(X)","(X)","740,040","(X)","(X)","287,632","(X)","(X)","246,470","(X)","(X)","712,221","(X)","(X)","54,807","(X)","(X)","342,782","(X)","(X)","50,154","(X)","(X)","429,035","(X)","(X)","1,937,366","(X)","(X)","128,845","(X)","(X)","26,966","(X)","(X)","449,345","(X)","(X)","412,557","(X)","(X)","141,291","(X)","(X)","287,418","(X)","(X)","28,189","(X)","(X)","658,966","(X)","(X)"
"        125 percent of poverty level","53,141,624","(X)","(X)","1,017,774","(X)","(X)","101,628","(X)","(X)","1,180,218","(X)","(X)","656,069","(X)","(X)","6,113,359","(X)","(X)","703,129","(X)","(X)","454,934","(X)","(X)","126,131","(X)","(X)","105,113","(X)","(X)","3,643,723","(X)","(X)","1,779,749","(X)","(X)","187,890","(X)","(X)","278,670","(X)","(X)","1,888,957","(X)","(X)","1,083,269","(X)","(X)","446,186","(X)","(X)","444,331","(X)","(X)","920,353","(X)","(X)","1,054,757","(X)","(X)","185,694","(X)","(X)","752,672","(X)","(X)","883,163","(X)","(X)","1,686,138","(X)","(X)","694,708","(X)","(X)","705,026","(X)","(X)","1,035,066","(X)","(X)","172,670","(X)","(X)","284,060","(X)","(X)","526,947","(X)","(X)","130,862","(X)","(X)","1,123,188","(X)","(X)","477,254","(X)","(X)","3,455,215","(X)","(X)","1,770,917","(X)","(X)","107,941","(X)","(X)","1,955,282","(X)","(X)","803,384","(X)","(X)","656,157","(X)","(X)","1,924,810","(X)","(X)","143,962","(X)","(X)","919,945","(X)","(X)","140,500","(X)","(X)","1,206,150","(X)","(X)","5,338,216","(X)","(X)","369,951","(X)","(X)","84,042","(X)","(X)","1,139,670","(X)","(X)","990,999","(X)","(X)","399,430","(X)","(X)","803,809","(X)","(X)","87,556","(X)","(X)","1,621,521","(X)","(X)"
"        150 percent of poverty level","66,215,684","(X)","(X)","1,248,295","(X)","(X)","125,020","(X)","(X)","1,492,939","(X)","(X)","815,606","(X)","(X)","7,613,774","(X)","(X)","876,070","(X)","(X)","554,499","(X)","(X)","155,750","(X)","(X)","120,581","(X)","(X)","4,633,719","(X)","(X)","2,249,375","(X)","(X)","232,063","(X)","(X)","372,559","(X)","(X)","2,345,368","(X)","(X)","1,364,891","(X)","(X)","564,811","(X)","(X)","563,066","(X)","(X)","1,128,386","(X)","(X)","1,305,944","(X)","(X)","235,656","(X)","(X)","935,636","(X)","(X)","1,082,984","(X)","(X)","2,104,664","(X)","(X)","879,610","(X)","(X)","848,578","(X)","(X)","1,290,035","(X)","(X)","221,423","(X)","(X)","363,404","(X)","(X)","660,749","(X)","(X)","166,586","(X)","(X)","1,385,654","(X)","(X)","586,208","(X)","(X)","4,148,675","(X)","(X)","2,215,422","(X)","(X)","133,196","(X)","(X)","2,406,561","(X)","(X)","998,328","(X)","(X)","832,057","(X)","(X)","2,398,095","(X)","(X)","180,127","(X)","(X)","1,151,078","(X)","(X)","173,054","(X)","(X)","1,523,148","(X)","(X)","6,727,574","(X)","(X)","471,577","(X)","(X)","104,205","(X)","(X)","1,416,174","(X)","(X)","1,221,605","(X)","(X)","476,357","(X)","(X)","1,005,895","(X)","(X)","108,653","(X)","(X)","1,857,267","(X)","(X)"
"        185 percent of poverty level","84,712,429","(X)","(X)","1,572,568","(X)","(X)","163,144","(X)","(X)","1,937,839","(X)","(X)","1,026,237","(X)","(X)","9,712,811","(X)","(X)","1,151,718","(X)","(X)","717,119","(X)","(X)","201,285","(X)","(X)","139,878","(X)","(X)","6,002,166","(X)","(X)","2,944,321","(X)","(X)","300,752","(X)","(X)","490,419","(X)","(X)","2,976,696","(X)","(X)","1,780,290","(X)","(X)","743,651","(X)","(X)","737,103","(X)","(X)","1,424,521","(X)","(X)","1,597,942","(X)","(X)","312,594","(X)","(X)","1,198,651","(X)","(X)","1,351,071","(X)","(X)","2,662,612","(X)","(X)","1,132,916","(X)","(X)","1,054,045","(X)","(X)","1,651,246","(X)","(X)","291,653","(X)","(X)","465,370","(X)","(X)","864,748","(X)","(X)","221,997","(X)","(X)","1,792,401","(X)","(X)","714,761","(X)","(X)","5,114,015","(X)","(X)","2,867,268","(X)","(X)","165,539","(X)","(X)","3,067,908","(X)","(X)","1,289,378","(X)","(X)","1,057,069","(X)","(X)","3,061,839","(X)","(X)","233,369","(X)","(X)","1,480,288","(X)","(X)","220,928","(X)","(X)","1,973,740","(X)","(X)","8,600,144","(X)","(X)","662,593","(X)","(X)","135,655","(X)","(X)","1,828,962","(X)","(X)","1,567,080","(X)","(X)","593,425","(X)","(X)","1,320,369","(X)","(X)","138,335","(X)","(X)","2,134,558","(X)","(X)"
"        200 percent of poverty level","92,319,944","(X)","(X)","1,713,641","(X)","(X)","174,988","(X)","(X)","2,117,299","(X)","(X)","1,114,447","(X)","(X)","10,572,958","(X)","(X)","1,273,479","(X)","(X)","768,507","(X)","(X)","222,908","(X)","(X)","147,627","(X)","(X)","6,584,110","(X)","(X)","3,194,151","(X)","(X)","324,113","(X)","(X)","549,313","(X)","(X)","3,227,523","(X)","(X)","1,947,879","(X)","(X)","814,867","(X)","(X)","807,390","(X)","(X)","1,545,838","(X)","(X)","1,710,593","(X)","(X)","350,396","(X)","(X)","1,321,686","(X)","(X)","1,465,517","(X)","(X)","2,879,030","(X)","(X)","1,238,999","(X)","(X)","1,136,002","(X)","(X)","1,798,198","(X)","(X)","323,063","(X)","(X)","507,649","(X)","(X)","947,160","(X)","(X)","247,325","(X)","(X)","1,950,386","(X)","(X)","769,227","(X)","(X)","5,506,926","(X)","(X)","3,132,734","(X)","(X)","181,844","(X)","(X)","3,355,981","(X)","(X)","1,401,258","(X)","(X)","1,147,379","(X)","(X)","3,322,587","(X)","(X)","248,579","(X)","(X)","1,627,959","(X)","(X)","240,358","(X)","(X)","2,161,809","(X)","(X)","9,373,489","(X)","(X)","753,049","(X)","(X)","152,953","(X)","(X)","2,003,411","(X)","(X)","1,709,507","(X)","(X)","641,593","(X)","(X)","1,457,452","(X)","(X)","154,807","(X)","(X)","2,229,390","(X)","(X)"
"        300 percent of poverty level","144,681,024","(X)","(X)","2,551,694","(X)","(X)","298,446","(X)","(X)","3,366,080","(X)","(X)","1,657,187","(X)","(X)","16,376,041","(X)","(X)","2,092,468","(X)","(X)","1,216,445","(X)","(X)","380,590","(X)","(X)","205,079","(X)","(X)","10,414,941","(X)","(X)","4,986,473","(X)","(X)","523,714","(X)","(X)","917,818","(X)","(X)","5,156,699","(X)","(X)","3,179,995","(X)","(X)","1,364,019","(X)","(X)","1,337,397","(X)","(X)","2,304,150","(X)","(X)","2,443,789","(X)","(X)","580,848","(X)","(X)","2,093,778","(X)","(X)","2,253,129","(X)","(X)","4,570,887","(X)","(X)","2,086,440","(X)","(X)","1,664,593","(X)","(X)","2,901,741","(X)","(X)","531,093","(X)","(X)","841,596","(X)","(X)","1,529,542","(X)","(X)","433,321","(X)","(X)","3,111,378","(X)","(X)","1,125,319","(X)","(X)","8,110,259","(X)","(X)","4,951,075","(X)","(X)","317,498","(X)","(X)","5,322,369","(X)","(X)","2,118,271","(X)","(X)","1,824,915","(X)","(X)","5,302,816","(X)","(X)","389,713","(X)","(X)","2,543,812","(X)","(X)","405,977","(X)","(X)","3,425,396","(X)","(X)","14,240,395","(X)","(X)","1,352,494","(X)","(X)","247,854","(X)","(X)","3,171,821","(X)","(X)","2,806,852","(X)","(X)","943,669","(X)","(X)","2,449,587","(X)","(X)","259,561","(X)","(X)","2,684,136","(X)","(X)"
"        400 percent of poverty level","189,023,309","(X)","(X)","3,243,641","(X)","(X)","382,517","(X)","(X)","4,428,832","(X)","(X)","2,083,569","(X)","(X)","21,048,469","(X)","(X)","2,845,162","(X)","(X)","1,648,252","(X)","(X)","534,769","(X)","(X)","256,941","(X)","(X)","13,488,447","(X)","(X)","6,480,915","(X)","(X)","722,335","(X)","(X)","1,226,538","(X)","(X)","6,873,273","(X)","(X)","4,175,843","(X)","(X)","1,852,246","(X)","(X)","1,772,252","(X)","(X)","2,929,369","(X)","(X)","3,046,504","(X)","(X)","789,420","(X)","(X)","2,810,674","(X)","(X)","3,041,192","(X)","(X)","5,995,574","(X)","(X)","2,872,620","(X)","(X)","2,035,237","(X)","(X)","3,794,124","(X)","(X)","695,078","(X)","(X)","1,146,636","(X)","(X)","2,001,615","(X)","(X)","618,924","(X)","(X)","4,145,484","(X)","(X)","1,403,730","(X)","(X)","10,423,645","(X)","(X)","6,416,017","(X)","(X)","426,169","(X)","(X)","7,009,865","(X)","(X)","2,644,839","(X)","(X)","2,405,082","(X)","(X)","7,101,267","(X)","(X)","533,788","(X)","(X)","3,293,506","(X)","(X)","546,252","(X)","(X)","4,418,745","(X)","(X)","18,142,373","(X)","(X)","1,919,576","(X)","(X)","336,256","(X)","(X)","4,287,984","(X)","(X)","3,813,185","(X)","(X)","1,194,396","(X)","(X)","3,369,550","(X)","(X)","350,632","(X)","(X)","2,898,907","(X)","(X)"
"        500 percent of poverty level","224,282,143","(X)","(X)","3,744,322","(X)","(X)","468,621","(X)","(X)","5,211,216","(X)","(X)","2,378,633","(X)","(X)","24,807,249","(X)","(X)","3,518,053","(X)","(X)","2,039,260","(X)","(X)","660,712","(X)","(X)","318,829","(X)","(X)","15,812,426","(X)","(X)","7,634,391","(X)","(X)","907,175","(X)","(X)","1,440,181","(X)","(X)","8,219,460","(X)","(X)","4,940,350","(X)","(X)","2,254,537","(X)","(X)","2,087,146","(X)","(X)","3,397,594","(X)","(X)","3,469,170","(X)","(X)","952,919","(X)","(X)","3,478,881","(X)","(X)","3,762,594","(X)","(X)","7,124,403","(X)","(X)","3,584,847","(X)","(X)","2,313,495","(X)","(X)","4,456,857","(X)","(X)","821,077","(X)","(X)","1,374,770","(X)","(X)","2,336,271","(X)","(X)","774,694","(X)","(X)","5,111,364","(X)","(X)","1,606,572","(X)","(X)","12,410,556","(X)","(X)","7,546,972","(X)","(X)","524,371","(X)","(X)","8,336,503","(X)","(X)","3,027,922","(X)","(X)","2,862,067","(X)","(X)","8,568,862","(X)","(X)","656,262","(X)","(X)","3,823,192","(X)","(X)","653,163","(X)","(X)","5,158,954","(X)","(X)","21,163,535","(X)","(X)","2,368,434","(X)","(X)","414,645","(X)","(X)","5,194,116","(X)","(X)","4,703,832","(X)","(X)","1,368,797","(X)","(X)","4,080,880","(X)","(X)","411,011","(X)","(X)","3,003,573","(X)","(X)"
"UNRELATED INDIVIDUALS FOR WHOM POVERTY STATUS IS DETERMINED","66,578,786","16,065,020","24.1%","924,723","282,425","30.5%","159,475","31,092","19.5%","1,503,999","341,425","22.7%","578,487","177,841","30.7%","7,249,116","1,790,659","24.7%","1,343,077","260,411","19.4%","743,351","158,124","21.3%","193,724","35,654","18.4%","269,118","47,264","17.6%","4,548,371","1,085,025","23.9%","1,922,784","468,444","24.4%","273,917","65,001","23.7%","345,132","83,426","24.2%","2,586,164","584,546","22.6%","1,340,367","337,302","25.2%","692,710","164,315","23.7%","598,495","152,202","25.4%","903,188","274,886","30.4%","922,410","292,006","31.7%","334,000","79,382","23.8%","1,183,173","244,575","20.7%","1,561,011","343,594","22.0%","2,132,546","533,876","25.0%","1,222,225","258,254","21.1%","512,491","169,140","33.0%","1,301,639","342,486","26.3%","264,909","66,086","24.9%","405,913","92,347","22.8%","652,041","151,888","23.3%","292,368","54,682","18.7%","1,596,380","333,291","20.9%","459,333","131,725","28.7%","4,381,946","1,101,643","25.1%","2,065,814","489,612","23.7%","183,893","43,404","23.6%","2,568,284","646,384","25.2%","772,095","225,890","29.3%","1,066,477","257,259","24.1%","2,704,306","635,195","23.5%","253,719","57,872","22.8%","988,167","261,164","26.4%","194,172","44,733","23.0%","1,375,060","338,440","24.6%","5,071,588","1,210,957","23.9%","492,090","110,132","22.4%","162,149","34,718","21.4%","1,680,395","373,975","22.3%","1,751,824","363,144","20.7%","370,404","115,691","31.2%","1,357,857","295,487","21.8%","121,909","25,946","21.3%","648,060","342,578","52.9%"
"    Male","32,772,753","7,064,695","21.6%","437,023","120,033","27.5%","91,563","15,334","16.7%","753,120","155,007","20.6%","281,688","73,106","26.0%","3,661,146","817,226","22.3%","695,688","123,509","17.8%","356,015","64,412","18.1%","88,756","15,859","17.9%","131,484","23,376","17.8%","2,224,515","469,863","21.1%","928,126","194,591","21.0%","144,514","30,630","21.2%","174,451","36,621","21.0%","1,251,874","256,224","20.5%","660,392","148,271","22.5%","347,201","73,542","21.2%","296,498","68,588","23.1%","440,165","117,782","26.8%","447,536","125,289","28.0%","161,258","35,814","22.2%","549,589","98,554","17.9%","748,588","153,191","20.5%","1,048,323","234,636","22.4%","611,274","119,366","19.5%","247,792","72,240","29.2%","628,744","151,944","24.2%","138,842","32,039","23.1%","207,604","41,501","20.0%","345,287","68,915","20.0%","140,624","21,994","15.6%","767,700","142,749","18.6%","228,284","53,924","23.6%","2,098,771","489,441","23.3%","975,910","212,367","21.8%","100,397","20,486","20.4%","1,267,904","291,366","23.0%","379,919","99,360","26.2%","528,031","114,694","21.7%","1,295,832","269,613","20.8%","112,529","23,194","20.6%","474,387","117,690","24.8%","100,182","20,390","20.4%","672,421","146,798","21.8%","2,579,767","525,739","20.4%","246,423","45,383","18.4%","79,351","16,177","20.4%","810,516","159,563","19.7%","892,775","160,805","18.0%","182,129","52,159","28.6%","674,673","131,256","19.5%","65,172","12,084","18.5%","293,095","138,208","47.2%"
"    Female","33,806,033","9,000,325","26.6%","487,700","162,392","33.3%","67,912","15,758","23.2%","750,879","186,418","24.8%","296,799","104,735","35.3%","3,587,970","973,433","27.1%","647,389","136,902","21.1%","387,336","93,712","24.2%","104,968","19,795","18.9%","137,634","23,888","17.4%","2,323,856","615,162","26.5%","994,658","273,853","27.5%","129,403","34,371","26.6%","170,681","46,805","27.4%","1,334,290","328,322","24.6%","679,975","189,031","27.8%","345,509","90,773","26.3%","301,997","83,614","27.7%","463,023","157,104","33.9%","474,874","166,717","35.1%","172,742","43,568","25.2%","633,584","146,021","23.0%","812,423","190,403","23.4%","1,084,223","299,240","27.6%","610,951","138,888","22.7%","264,699","96,900","36.6%","672,895","190,542","28.3%","126,067","34,047","27.0%","198,309","50,846","25.6%","306,754","82,973","27.0%","151,744","32,688","21.5%","828,680","190,542","23.0%","231,049","77,801","33.7%","2,283,175","612,202","26.8%","1,089,904","277,245","25.4%","83,496","22,918","27.4%","1,300,380","355,018","27.3%","392,176","126,530","32.3%","538,446","142,565","26.5%","1,408,474","365,582","26.0%","141,190","34,678","24.6%","513,780","143,474","27.9%","93,990","24,343","25.9%","702,639","191,642","27.3%","2,491,821","685,218","27.5%","245,667","64,749","26.4%","82,798","18,541","22.4%","869,879","214,412","24.6%","859,049","202,339","23.6%","188,275","63,532","33.7%","683,184","164,231","24.0%","56,737","13,862","24.4%","354,965","204,370","57.6%"
"    15 years","83,071","82,192","98.9%","1,263","1,263","100.0%","291","281","96.6%","2,211","2,211","100.0%","1,031","1,031","100.0%","10,428","10,031","96.2%","723","723","100.0%","701","701","100.0%","0","0","-","0","0","-","4,948","4,918","99.4%","3,005","2,913","96.9%","69","69","100.0%","1,103","1,103","100.0%","3,245","3,245","100.0%","2,064","2,064","100.0%","270","270","100.0%","510","510","100.0%","1,319","1,319","100.0%","644","644","100.0%","287","287","100.0%","1,180","1,180","100.0%","1,242","1,242","100.0%","4,128","4,128","100.0%","1,833","1,833","100.0%","530","530","100.0%","3,008","3,008","100.0%","539","539","100.0%","429","429","100.0%","853","853","100.0%","261","261","100.0%","1,555","1,555","100.0%","564","550","97.5%","5,535","5,524","99.8%","3,569","3,488","97.7%","178","178","100.0%","2,498","2,380","95.3%","492","492","100.0%","1,907","1,907","100.0%","2,580","2,580","100.0%","348","348","100.0%","828","713","86.1%","296","296","100.0%","1,275","1,275","100.0%","5,791","5,780","99.8%","942","942","100.0%","114","114","100.0%","1,564","1,564","100.0%","2,889","2,889","100.0%","381","381","100.0%","1,437","1,437","100.0%","213","213","100.0%","408","408","100.0%"
"    16 to 17 years","182,940","172,327","94.2%","2,114","1,964","92.9%","542","534","98.5%","3,618","3,618","100.0%","2,223","2,217","99.7%","20,389","19,342","94.9%","3,172","2,992","94.3%","2,499","2,499","100.0%","284","284","100.0%","0","0","-","13,478","12,526","92.9%","5,481","5,481","100.0%","579","493","85.1%","1,064","1,064","100.0%","6,203","5,855","94.4%","4,409","4,346","98.6%","2,496","2,465","98.8%","2,392","1,942","81.2%","3,591","3,163","88.1%","1,653","1,436","86.9%","1,293","1,249","96.6%","3,202","3,202","100.0%","2,089","2,034","97.4%","5,696","5,379","94.4%","4,011","3,576","89.2%","722","722","100.0%","5,347","4,737","88.6%","1,634","1,248","76.4%","1,739","1,739","100.0%","2,098","1,809","86.2%","1,062","1,062","100.0%","3,460","3,393","98.1%","632","632","100.0%","9,064","8,839","97.5%","4,392","4,252","96.8%","482","397","82.4%","8,608","8,401","97.6%","2,817","2,616","92.9%","3,033","2,897","95.5%","5,747","5,614","97.7%","644","644","100.0%","3,227","3,149","97.6%","900","830","92.2%","4,524","3,942","87.1%","14,083","12,395","88.0%","1,472","1,472","100.0%","518","488","94.2%","4,379","4,210","96.1%","4,175","4,066","97.4%","1,624","1,360","83.7%","3,935","3,608","91.7%","144","144","100.0%","1,098","1,098","100.0%"
"    18 to 24 years","7,599,407","3,216,926","42.3%","111,968","58,964","52.7%","18,691","5,184","27.7%","186,388","68,766","36.9%","78,309","35,903","45.8%","688,442","320,961","46.6%","184,716","72,133","39.1%","59,359","25,305","42.6%","13,487","4,139","30.7%","28,050","10,486","37.4%","413,353","172,969","41.8%","228,850","104,702","45.8%","23,011","9,955","43.3%","56,126","21,340","38.0%","282,208","111,011","39.3%","199,325","91,557","45.9%","124,063","51,730","41.7%","108,638","47,707","43.9%","113,393","51,611","45.5%","101,425","49,754","49.1%","34,325","12,602","36.7%","100,713","39,879","39.6%","156,782","62,911","40.1%","270,770","115,285","42.6%","171,700","62,027","36.1%","52,835","24,417","46.2%","166,626","73,005","43.8%","43,071","17,707","41.1%","72,675","28,099","38.7%","54,636","17,128","31.3%","22,643","6,731","29.7%","92,279","36,266","39.3%","50,787","23,385","46.0%","364,267","159,901","43.9%","254,293","108,750","42.8%","39,662","16,705","42.1%","312,514","136,853","43.8%","120,907","55,217","45.7%","125,277","52,512","41.9%","254,873","113,487","44.5%","23,296","9,246","39.7%","110,939","50,827","45.8%","34,644","12,554","36.2%","167,757","64,120","38.2%","675,463","282,059","41.8%","113,186","45,281","40.0%","20,255","8,045","39.7%","199,251","88,933","44.6%","207,591","67,035","32.3%","43,115","23,193","53.8%","205,024","81,279","39.6%","17,449","7,310","41.9%","24,550","17,933","73.0%"
"    25 to 34 years","14,383,835","2,351,258","16.3%","155,408","36,264","23.3%","39,463","5,457","13.8%","331,625","51,416","15.5%","92,354","19,428","21.0%","1,770,102","297,097","16.8%","382,251","42,534","11.1%","159,817","23,662","14.8%","35,086","4,509","12.9%","91,601","8,262","9.0%","864,733","150,567","17.4%","413,055","67,582","16.4%","56,133","9,049","16.1%","62,966","10,998","17.5%","579,549","84,997","14.7%","253,255","43,766","17.3%","136,437","23,998","17.6%","109,383","20,980","19.2%","166,677","36,891","22.1%","164,127","38,282","23.3%","61,991","11,411","18.4%","254,128","36,223","14.3%","389,262","53,351","13.7%","425,932","75,932","17.8%","269,762","33,089","12.3%","73,221","17,844","24.4%","250,982","45,421","18.1%","53,822","7,846","14.6%","77,756","13,081","16.8%","142,918","29,971","21.0%","57,641","7,323","12.7%","342,617","43,262","12.6%","84,463","20,284","24.0%","1,021,682","175,106","17.1%","425,723","63,266","14.9%","39,637","5,560","14.0%","492,978","89,460","18.1%","142,422","33,805","23.7%","241,463","37,410","15.5%","559,783","92,442","16.5%","55,452","7,572","13.7%","177,195","30,890","17.4%","34,289","5,993","17.5%","281,400","48,574","17.3%","1,230,195","198,693","16.2%","127,904","17,564","13.7%","31,082","5,778","18.6%","370,939","50,160","13.5%","452,126","61,923","13.7%","59,091","16,691","28.2%","271,709","36,879","13.6%","20,248","2,715","13.4%","81,929","34,978","42.7%"
"    35 to 44 years","8,439,394","1,668,765","19.8%","101,249","26,300","26.0%","25,708","4,063","15.8%","185,063","37,698","20.4%","67,128","20,471","30.5%","1,073,242","205,467","19.1%","186,967","26,180","14.0%","88,522","16,868","19.1%","23,009","4,997","21.7%","45,967","4,758","10.4%","550,944","101,138","18.4%","243,099","43,515","17.9%","42,009","7,822","18.6%","40,332","8,149","20.2%","324,411","61,640","19.0%","141,919","27,327","19.3%","77,259","15,354","19.9%","64,834","14,968","23.1%","100,594","29,017","28.8%","121,754","33,327","27.4%","37,621","8,191","21.8%","160,364","23,531","14.7%","186,656","29,482","15.8%","225,290","53,625","23.8%","143,341","27,093","18.9%","62,102","18,069","29.1%","151,777","33,279","21.9%","26,372","5,288","20.1%","45,195","7,507","16.6%","93,096","21,830","23.4%","35,076","6,141","17.5%","210,294","37,454","17.8%","56,340","14,919","26.5%","591,611","123,071","20.8%","239,069","45,990","19.2%","22,171","3,991","18.0%","288,982","62,885","21.8%","93,781","25,165","26.8%","146,248","29,215","20.0%","317,264","64,922","20.5%","27,003","5,658","21.0%","121,804","29,002","23.8%","19,651","3,419","17.4%","165,419","31,382","19.0%","719,592","129,980","18.1%","61,508","9,646","15.7%","19,153","3,120","16.3%","223,374","41,775","18.7%","241,201","44,121","18.3%","38,178","11,619","30.4%","149,495","25,029","16.7%","16,356","3,307","20.2%","76,894","31,066","40.4%"
"    45 to 54 years","7,702,805","1,749,521","22.7%","115,792","35,101","30.3%","17,888","2,658","14.9%","163,510","35,782","21.9%","71,189","21,714","30.5%","868,542","200,671","23.1%","132,168","23,825","18.0%","88,690","16,706","18.8%","21,577","3,776","17.5%","27,009","4,366","16.2%","540,099","108,010","20.0%","246,297","49,318","20.0%","31,942","7,856","24.6%","37,296","9,008","24.2%","299,060","66,918","22.4%","158,610","38,636","24.4%","68,017","12,641","18.6%","61,158","12,177","19.9%","111,336","35,264","31.7%","116,442","35,650","30.6%","40,606","10,021","24.7%","138,401","23,893","17.3%","160,600","31,251","19.5%","244,537","61,147","25.0%","128,243","25,776","20.1%","66,981","24,089","36.0%","151,989","36,658","24.1%","28,509","5,885","20.6%","40,084","7,593","18.9%","82,919","18,747","22.6%","29,911","6,270","21.0%","188,940","39,297","20.8%","53,477","17,022","31.8%","509,786","124,374","24.4%","250,170","52,728","21.1%","16,055","2,765","17.2%","305,321","75,571","24.8%","88,154","26,203","29.7%","117,594","30,403","25.9%","296,095","66,395","22.4%","27,268","6,109","22.4%","117,330","32,357","27.6%","19,169","3,591","18.7%","169,322","41,762","24.7%","601,954","125,039","20.8%","46,448","7,411","16.0%","17,359","4,034","23.2%","188,883","35,479","18.8%","196,472","44,851","22.8%","43,353","13,507","31.2%","147,675","27,235","18.4%","12,578","1,981","15.7%","92,994","41,270","44.4%"
"    55 to 64 years","10,370,908","2,839,612","27.4%","158,985","54,322","34.2%","25,805","6,397","24.8%","218,815","54,642","25.0%","97,211","33,918","34.9%","1,037,770","292,037","28.1%","172,790","42,700","24.7%","126,170","29,087","23.1%","36,637","7,721","21.1%","31,100","8,336","26.8%","727,727","188,444","25.9%","314,921","83,825","26.6%","41,999","13,984","33.3%","54,034","13,468","24.9%","391,975","107,841","27.5%","224,628","60,906","27.1%","100,588","25,593","25.4%","91,064","23,039","25.3%","153,387","52,664","34.3%","159,137","60,085","37.8%","61,048","15,584","25.5%","202,024","47,592","23.6%","239,998","65,335","27.2%","351,030","99,206","28.3%","184,849","43,783","23.7%","95,384","38,305","40.2%","212,961","62,970","29.6%","37,420","9,210","24.6%","59,473","13,133","22.1%","107,920","25,124","23.3%","55,623","11,546","20.8%","269,206","65,083","24.2%","76,141","23,620","31.0%","702,967","204,219","29.1%","341,105","93,145","27.3%","23,268","5,186","22.3%","432,461","118,891","27.5%","117,579","36,690","31.2%","152,319","47,223","31.0%","446,549","121,221","27.1%","43,784","11,563","26.4%","168,505","49,701","29.5%","30,665","6,556","21.4%","217,711","65,367","30.0%","702,794","181,720","25.9%","48,401","11,138","23.0%","25,674","5,877","22.9%","264,378","68,436","25.9%","233,776","57,202","24.5%","64,504","21,825","33.8%","216,474","49,700","23.0%","20,174","4,452","22.1%","120,746","68,652","56.9%"
"    65 to 74 years","9,421,447","2,143,316","22.7%","152,738","37,916","24.8%","20,992","4,354","20.7%","215,451","48,680","22.6%","88,867","22,749","25.6%","932,776","231,930","24.9%","155,484","27,220","17.5%","111,935","22,987","20.5%","36,028","5,982","16.6%","25,920","6,811","26.3%","706,743","169,204","23.9%","258,770","64,786","25.0%","41,856","9,768","23.3%","52,323","10,289","19.7%","361,685","76,859","21.3%","191,988","38,833","20.2%","92,693","16,949","18.3%","83,257","16,863","20.3%","137,738","33,539","24.3%","142,966","41,195","28.8%","51,021","10,720","21.0%","167,968","36,807","21.9%","219,110","49,223","22.5%","320,281","69,093","21.6%","159,081","29,968","18.8%","93,099","27,874","29.9%","189,773","46,862","24.7%","42,722","10,318","24.2%","55,295","10,477","18.9%","97,588","20,688","21.2%","49,570","8,741","17.6%","245,650","53,768","21.9%","78,701","17,120","21.8%","600,575","154,535","25.7%","295,955","64,508","21.8%","20,965","3,721","17.7%","391,442","86,180","22.0%","112,433","26,679","23.7%","151,785","32,152","21.2%","419,641","87,526","20.9%","40,599","8,083","19.9%","159,255","37,942","23.8%","30,262","5,808","19.2%","194,527","43,738","22.5%","625,974","153,518","24.5%","47,707","8,991","18.8%","26,009","3,788","14.6%","225,720","44,512","19.7%","224,018","45,376","20.3%","64,531","16,631","25.8%","189,635","37,308","19.7%","20,345","3,747","18.4%","123,974","69,432","56.0%"
"    75 years and over","8,394,979","1,841,103","21.9%","125,206","30,331","24.2%","10,095","2,164","21.4%","197,318","38,612","19.6%","80,175","20,410","25.5%","847,425","213,123","25.1%","124,806","22,104","17.7%","105,658","20,309","19.2%","27,616","4,246","15.4%","19,471","4,245","21.8%","726,346","177,249","24.4%","209,306","46,322","22.1%","36,319","6,005","16.5%","39,888","8,007","20.1%","337,828","66,180","19.6%","164,169","29,867","18.2%","90,887","15,315","16.9%","77,259","14,016","18.1%","115,153","31,418","27.3%","114,262","31,633","27.7%","45,808","9,317","20.3%","155,193","32,268","20.8%","205,272","48,765","23.8%","284,882","50,081","17.6%","159,405","31,109","19.5%","67,617","17,290","25.6%","169,176","36,546","21.6%","30,820","8,045","26.1%","53,267","10,289","19.3%","70,013","15,738","22.5%","40,581","6,607","16.3%","242,379","53,213","22.0%","58,228","14,193","24.4%","576,459","146,074","25.3%","251,538","53,485","21.3%","21,475","4,901","22.8%","333,480","65,763","19.7%","93,510","19,023","20.3%","126,851","23,540","18.6%","401,774","81,008","20.2%","35,325","8,649","24.5%","129,084","26,583","20.6%","24,296","5,686","23.4%","173,125","38,280","22.1%","495,742","121,773","24.6%","44,522","7,687","17.3%","21,985","3,474","15.8%","201,907","38,906","19.3%","189,576","35,681","18.8%","55,627","10,484","18.8%","172,473","33,012","19.1%","14,402","2,077","14.4%","125,467","77,741","62.0%"
"    Mean income deficit for unrelated individuals (dollars)","8,854","(X)","(X)","8,452","(X)","(X)","9,000","(X)","(X)","9,419","(X)","(X)","8,479","(X)","(X)","9,294","(X)","(X)","9,024","(X)","(X)","9,044","(X)","(X)","9,307","(X)","(X)","9,440","(X)","(X)","8,935","(X)","(X)","8,996","(X)","(X)","9,571","(X)","(X)","7,877","(X)","(X)","9,185","(X)","(X)","8,788","(X)","(X)","8,489","(X)","(X)","8,433","(X)","(X)","8,223","(X)","(X)","8,555","(X)","(X)","8,259","(X)","(X)","9,396","(X)","(X)","8,658","(X)","(X)","8,566","(X)","(X)","8,348","(X)","(X)","8,272","(X)","(X)","8,632","(X)","(X)","8,150","(X)","(X)","8,231","(X)","(X)","9,615","(X)","(X)","8,246","(X)","(X)","9,023","(X)","(X)","8,535","(X)","(X)","9,147","(X)","(X)","8,834","(X)","(X)","8,110","(X)","(X)","8,490","(X)","(X)","8,759","(X)","(X)","8,926","(X)","(X)","8,624","(X)","(X)","8,021","(X)","(X)","8,761","(X)","(X)","7,857","(X)","(X)","8,142","(X)","(X)","8,971","(X)","(X)","8,772","(X)","(X)","8,105","(X)","(X)","8,995","(X)","(X)","9,316","(X)","(X)","8,608","(X)","(X)","8,169","(X)","(X)","8,330","(X)","(X)","8,574","(X)","(X)"
"    Worked full-time, year-round in the past 12 months","29,960,701","1,010,642","3.4%","362,998","19,831","5.5%","78,007","1,425","1.8%","684,259","19,176","2.8%","228,329","9,089","4.0%","3,202,339","88,807","2.8%","682,919","19,222","2.8%","326,835","7,192","2.2%","85,887","1,482","1.7%","156,985","1,973","1.3%","1,990,572","70,774","3.6%","928,973","34,165","3.7%","118,882","4,211","3.5%","150,361","5,643","3.8%","1,180,022","33,132","2.8%","586,109","24,415","4.2%","310,348","11,530","3.7%","276,306","13,416","4.9%","356,530","18,102","5.1%","378,311","19,589","5.2%","135,810","4,008","3.0%","601,840","15,668","2.6%","720,598","16,064","2.2%","873,703","31,797","3.6%","545,733","14,798","2.7%","189,575","12,383","6.5%","565,532","21,612","3.8%","112,732","5,731","5.1%","188,974","7,509","4.0%","293,218","11,996","4.1%","136,097","3,277","2.4%","741,401","18,860","2.5%","184,788","8,887","4.8%","1,926,733","54,919","2.9%","948,684","30,775","3.2%","85,860","3,323","3.9%","1,101,646","38,497","3.5%","325,862","18,316","5.6%","431,515","12,530","2.9%","1,161,519","34,256","2.9%","107,525","2,573","2.4%","423,378","17,819","4.2%","94,316","4,616","4.9%","635,505","27,480","4.3%","2,603,619","110,009","4.2%","243,493","6,715","2.8%","67,657","2,918","4.3%","822,421","24,703","3.0%","802,769","19,539","2.4%","130,674","5,490","4.2%","616,668","18,646","3.0%","55,884","1,754","3.1%","187,963","21,047","11.2%"
"    Worked less than full-time, year-round in the past 12 months","13,804,669","4,751,948","34.4%","170,509","75,530","44.3%","40,833","10,457","25.6%","300,929","99,217","33.0%","104,708","45,735","43.7%","1,646,041","496,397","30.2%","325,857","102,330","31.4%","151,087","43,335","28.7%","33,273","8,348","25.1%","52,744","14,965","28.4%","842,938","279,730","33.2%","375,183","140,895","37.6%","58,769","16,792","28.6%","82,524","32,552","39.4%","527,441","171,232","32.5%","297,696","114,349","38.4%","167,953","71,961","42.8%","128,469","57,731","44.9%","185,087","76,744","41.5%","170,787","70,282","41.2%","74,215","21,699","29.2%","198,680","58,985","29.7%","319,122","92,328","28.9%","468,740","176,501","37.7%","298,198","97,601","32.7%","94,251","39,418","41.8%","260,254","99,277","38.1%","64,130","20,762","32.4%","96,433","36,700","38.1%","139,308","42,286","30.4%","59,243","15,720","26.5%","282,022","72,458","25.7%","98,537","39,572","40.2%","872,155","267,141","30.6%","406,432","146,213","36.0%","50,176","20,711","41.3%","543,100","205,598","37.9%","165,088","73,947","44.8%","266,290","83,537","31.4%","522,521","178,772","34.2%","50,859","13,376","26.3%","193,846","74,723","38.5%","43,021","16,832","39.1%","265,299","97,443","36.7%","1,018,044","388,094","38.1%","131,775","55,699","42.3%","38,733","10,968","28.3%","329,202","121,563","36.9%","397,034","104,205","26.2%","67,903","31,576","46.5%","300,091","109,088","36.4%","27,139","10,573","39.0%","101,502","65,871","64.9%"
"    Did not work","22,813,416","10,302,430","45.2%","391,216","187,064","47.8%","40,635","19,210","47.3%","518,811","223,032","43.0%","245,450","123,017","50.1%","2,400,736","1,205,455","50.2%","334,301","138,859","41.5%","265,429","107,597","40.5%","74,564","25,824","34.6%","59,389","30,326","51.1%","1,714,861","734,521","42.8%","618,628","293,384","47.4%","96,266","43,998","45.7%","112,247","45,231","40.3%","878,701","380,182","43.3%","456,562","198,538","43.5%","214,409","80,824","37.7%","193,720","81,055","41.8%","361,571","180,040","49.8%","373,312","202,135","54.1%","123,975","53,675","43.3%","382,653","169,922","44.4%","521,291","235,202","45.1%","790,103","325,578","41.2%","378,294","145,855","38.6%","228,665","117,339","51.3%","475,853","221,597","46.6%","88,047","39,593","45.0%","120,506","48,138","39.9%","219,515","97,606","44.5%","97,028","35,685","36.8%","572,957","241,973","42.2%","176,008","83,266","47.3%","1,583,058","779,583","49.2%","710,698","312,624","44.0%","47,857","19,370","40.5%","923,538","402,289","43.6%","281,145","133,627","47.5%","368,672","161,192","43.7%","1,020,266","422,167","41.4%","95,335","41,923","44.0%","370,943","168,622","45.5%","56,835","23,285","41.0%","474,256","213,517","45.0%","1,449,925","712,854","49.2%","116,822","47,718","40.8%","55,759","20,832","37.4%","528,772","227,709","43.1%","552,021","239,400","43.4%","171,827","78,625","45.8%","441,098","167,753","38.0%","38,886","13,619","35.0%","358,595","255,660","71.3%"
"    Population in housing units for whom poverty status is determined","324,187,023","40,075,931","12.4%","4,918,518","792,658","16.1%","700,501","74,877","10.7%","7,183,491","880,130","12.3%","2,951,337","490,707","16.6%","38,026,518","4,501,577","11.8%","5,708,224","526,576","9.2%","3,498,082","334,781","9.6%","993,306","91,991","9.3%","633,371","79,752","12.6%","21,696,593","2,714,825","12.5%","10,634,199","1,335,334","12.6%","1,393,266","136,221","9.8%","1,884,273","200,123","10.6%","12,271,862","1,444,243","11.8%","6,630,942","825,026","12.4%","3,094,584","334,033","10.8%","2,843,093","335,212","11.8%","4,376,845","713,248","16.3%","4,456,897","820,926","18.4%","1,342,244","141,210","10.5%","6,024,763","568,348","9.4%","6,728,270","677,333","10.1%","9,794,887","1,295,541","13.2%","5,565,057","516,621","9.3%","2,835,959","539,609","19.0%","5,987,818","776,378","13.0%","1,090,620","128,892","11.8%","1,914,127","211,553","11.1%","3,133,181","386,536","12.3%","1,354,602","94,534","7.0%","9,074,735","863,784","9.5%","2,063,965","360,139","17.4%","19,003,126","2,609,109","13.7%","10,390,795","1,309,350","12.6%","748,306","84,673","11.3%","11,436,549","1,518,884","13.3%","3,886,834","602,273","15.5%","4,127,564","481,939","11.7%","12,506,828","1,455,702","11.6%","1,046,763","110,086","10.5%","5,127,582","708,565","13.8%","874,465","106,456","12.2%","6,881,369","905,216","13.2%","29,356,801","4,069,561","13.9%","3,319,801","266,013","8.0%","621,094","62,304","10.0%","8,424,977","878,724","10.4%","7,605,130","740,801","9.7%","1,717,904","305,801","17.8%","5,739,072","601,774","10.5%","565,933","65,982","11.7%","3,182,720","1,324,071","41.6%"